Synthetic,Actual,Similarity
timeseries_365.csv,timeseries_603.csv,-4.948586119288713
timeseries_149.csv,timeseries_983.csv,-2.2967431030368455
timeseries_1029.csv,timeseries_578.csv,-3.722442379810862
timeseries_1324.csv,timeseries_577.csv,-2.4409987316038904
timeseries_213.csv,timeseries_994.csv,-3.3556181635083897
timeseries_389.csv,timeseries_602.csv,-4.866849462408154
timeseries_545.csv,timeseries_583.csv,-3.0223808348999865
timeseries_474.csv,timeseries_966.csv,-2.9767190947180246
timeseries_62.csv,timeseries_571.csv,-2.229721262928071
timeseries_1138.csv,timeseries_996.csv,-4.407228694110661
timeseries_1359.csv,timeseries_589.csv,-2.460358320289361
timeseries_34.csv,timeseries_581.csv,-4.875278891433627
timeseries_132.csv,timeseries_579.csv,-4.150623112914773
timeseries_453.csv,timeseries_590.csv,-3.339685822283677
timeseries_376.csv,timeseries_572.csv,-3.826023498052323
timeseries_956.csv,timeseries_975.csv,-5.610298265082025
timeseries_943.csv,timeseries_959.csv,-4.030814959180074
timeseries_740.csv,timeseries_602.csv,-3.877666142345796
timeseries_670.csv,timeseries_955.csv,-3.1031731799165465
timeseries_529.csv,timeseries_601.csv,-4.141605455925221
timeseries_778.csv,timeseries_595.csv,-2.794089694441146
timeseries_1246.csv,timeseries_977.csv,-3.469120374600595
timeseries_1405.csv,timeseries_585.csv,-3.627660469219374
timeseries_4.csv,timeseries_602.csv,-6.00166250285676
timeseries_739.csv,timeseries_587.csv,-4.1037154892018375
timeseries_424.csv,timeseries_953.csv,-5.502423944152064
timeseries_1392.csv,timeseries_971.csv,-4.516124027756907
timeseries_814.csv,timeseries_573.csv,-3.5528889493084694
timeseries_190.csv,timeseries_955.csv,-3.1913590151783744
timeseries_401.csv,timeseries_982.csv,-2.8639731837777673
timeseries_222.csv,timeseries_575.csv,-3.039636242462157
timeseries_366.csv,timeseries_604.csv,-2.8566687024614996
timeseries_868.csv,timeseries_577.csv,-2.656099004998384
timeseries_1137.csv,timeseries_960.csv,-4.67724851291995
timeseries_1000.csv,timeseries_956.csv,-4.576989227253373
timeseries_711.csv,timeseries_584.csv,-2.426565493798517
timeseries_533.csv,timeseries_589.csv,-3.2495278674604604
timeseries_499.csv,timeseries_586.csv,-4.0889575091119585
timeseries_998.csv,timeseries_979.csv,-5.322931813041892
timeseries_823.csv,timeseries_579.csv,-4.047186808301795
timeseries_781.csv,timeseries_586.csv,-3.5652302520080363
timeseries_1231.csv,timeseries_594.csv,-3.797868444435249
timeseries_1257.csv,timeseries_578.csv,-2.7695301278605147
timeseries_308.csv,timeseries_1096.csv,-0.19370533034360182
timeseries_707.csv,timeseries_580.csv,-2.930909659305542
timeseries_979.csv,timeseries_954.csv,-4.651462624898468
timeseries_1453.csv,timeseries_347.csv,-1.0108577330666373
timeseries_264.csv,timeseries_568.csv,-3.6540190946281648
timeseries_1155.csv,timeseries_578.csv,-3.482236100685186
timeseries_13.csv,timeseries_89.csv,-0.9447605684207518
timeseries_1060.csv,timeseries_601.csv,-4.193909718933484
timeseries_958.csv,timeseries_586.csv,-4.689368988604584
timeseries_593.csv,timeseries_601.csv,-5.2422153172276476
timeseries_1262.csv,timeseries_573.csv,-3.5029585110130164
timeseries_464.csv,timeseries_582.csv,-3.7462009056423176
timeseries_1446.csv,timeseries_586.csv,-3.186584725398763
timeseries_1134.csv,timeseries_590.csv,-3.594409516393079
timeseries_1253.csv,timeseries_994.csv,-3.0874711218458684
timeseries_105.csv,timeseries_583.csv,-2.704580759250192
timeseries_579.csv,timeseries_413.csv,-0.797220888181777
timeseries_329.csv,timeseries_599.csv,-3.5111367084515646
timeseries_1127.csv,timeseries_997.csv,-5.081494419052669
timeseries_332.csv,timeseries_589.csv,-3.1058349002319856
timeseries_565.csv,timeseries_571.csv,-2.5322441499151984
timeseries_685.csv,timeseries_589.csv,-2.7135664385994485
timeseries_374.csv,timeseries_590.csv,-3.05266646359233
timeseries_878.csv,timeseries_960.csv,-4.04883832315567
timeseries_738.csv,timeseries_584.csv,-2.5598858976108567
timeseries_358.csv,timeseries_989.csv,-4.75653597903447
timeseries_1115.csv,timeseries_991.csv,-3.213604331472826
timeseries_494.csv,timeseries_584.csv,-2.947946475929523
timeseries_286.csv,timeseries_579.csv,-4.3225241037689175
timeseries_916.csv,timeseries_997.csv,-4.89266403418154
timeseries_1303.csv,timeseries_580.csv,-2.832606432130493
timeseries_833.csv,timeseries_578.csv,-2.9345121897827466
timeseries_939.csv,timeseries_966.csv,-3.3301015680890274
timeseries_193.csv,timeseries_953.csv,-4.7441255419972626
timeseries_641.csv,timeseries_584.csv,-2.731133795161455
timeseries_446.csv,timeseries_597.csv,-3.1462865019713364
timeseries_754.csv,timeseries_603.csv,-4.174845045891316
timeseries_975.csv,timeseries_593.csv,-3.6958943353452574
timeseries_94.csv,timeseries_603.csv,-4.039079060549774
timeseries_575.csv,timeseries_569.csv,-3.4541033794543496
timeseries_704.csv,timeseries_993.csv,-4.390782185079588
timeseries_1304.csv,timeseries_600.csv,-4.143283628387008
timeseries_134.csv,timeseries_596.csv,-4.65353058439064
timeseries_61.csv,timeseries_584.csv,-2.5423699010241116
timeseries_613.csv,timeseries_571.csv,-2.8747825064951043
timeseries_165.csv,timeseries_583.csv,-2.897072805525908
timeseries_1066.csv,timeseries_965.csv,-2.0864714614566644
timeseries_870.csv,timeseries_961.csv,-4.601155423893372
timeseries_381.csv,timeseries_956.csv,-4.083692652128196
timeseries_342.csv,timeseries_969.csv,-2.8446349341436132
timeseries_1110.csv,timeseries_583.csv,-3.543678464225895
timeseries_442.csv,timeseries_975.csv,-4.7463699776257755
timeseries_1169.csv,timeseries_593.csv,-3.752829285775033
timeseries_275.csv,timeseries_993.csv,-4.06560485719263
timeseries_337.csv,timeseries_586.csv,-3.9082009404406124
timeseries_649.csv,timeseries_568.csv,-3.773180807017817
timeseries_177.csv,timeseries_989.csv,-4.029077138427428
timeseries_293.csv,timeseries_587.csv,-4.949748230073833
timeseries_390.csv,timeseries_970.csv,-5.067153192124707
timeseries_630.csv,timeseries_956.csv,-3.43287788145809
timeseries_568.csv,timeseries_955.csv,-3.820229396995157
timeseries_692.csv,timeseries_591.csv,-2.7015182008707335
timeseries_1179.csv,timeseries_413.csv,-0.5184471013921963
timeseries_806.csv,timeseries_998.csv,-3.9111333218393094
timeseries_1202.csv,timeseries_998.csv,-3.3088964422816973
timeseries_1444.csv,timeseries_599.csv,-3.1289179825159144
timeseries_1040.csv,timeseries_982.csv,-3.2156500986147023
timeseries_463.csv,timeseries_969.csv,-3.316469256963914
timeseries_1181.csv,timeseries_103.csv,-0.04713354795092495
timeseries_403.csv,timeseries_596.csv,-5.706803504021778
timeseries_883.csv,timeseries_583.csv,-2.8876791729581335
timeseries_1256.csv,timeseries_956.csv,-3.5985864674287082
timeseries_509.csv,timeseries_419.csv,-5.151150002068833
timeseries_1005.csv,timeseries_1000.csv,-2.739533803651447
timeseries_1033.csv,timeseries_579.csv,-5.067738940744387
timeseries_512.csv,timeseries_957.csv,-4.14810409697481
timeseries_454.csv,timeseries_963.csv,-4.497601495245597
timeseries_1388.csv,timeseries_573.csv,-3.0272768477488015
timeseries_492.csv,timeseries_577.csv,-3.4174098156673676
timeseries_919.csv,timeseries_991.csv,-3.169765623207141
timeseries_892.csv,timeseries_113.csv,0.03317933518740346
timeseries_241.csv,timeseries_587.csv,-4.245022219816363
timeseries_261.csv,timeseries_594.csv,-4.315067032334374
timeseries_109.csv,timeseries_603.csv,-4.062425314887327
timeseries_1342.csv,timeseries_574.csv,-2.7545321697089524
timeseries_147.csv,timeseries_977.csv,-3.5226449148702628
timeseries_1254.csv,timeseries_578.csv,-2.736032975438425
timeseries_822.csv,timeseries_577.csv,-2.4408203064331113
timeseries_816.csv,timeseries_982.csv,-2.346453281024553
timeseries_71.csv,timeseries_953.csv,-4.846691118545947
timeseries_487.csv,timeseries_586.csv,-4.5800734395650915
timeseries_17.csv,timeseries_419.csv,-3.881328567362014
timeseries_1320.csv,timeseries_570.csv,-3.7476389319074697
timeseries_659.csv,timeseries_573.csv,-3.4470356648586655
timeseries_972.csv,timeseries_571.csv,-2.758180727847452
timeseries_735.csv,timeseries_968.csv,-3.677068305465543
timeseries_353.csv,timeseries_595.csv,-3.3878242371653036
timeseries_1171.csv,timeseries_973.csv,-3.588063629557465
timeseries_887.csv,timeseries_990.csv,-5.538970265133226
timeseries_468.csv,timeseries_580.csv,-3.391580823665765
timeseries_1050.csv,timeseries_973.csv,-3.5059867740412196
timeseries_1313.csv,timeseries_990.csv,-4.664260551658172
timeseries_1039.csv,timeseries_956.csv,-4.863535404232554
timeseries_1150.csv,timeseries_578.csv,-3.6964944327797022
timeseries_1322.csv,timeseries_585.csv,-3.2577999561238338
timeseries_693.csv,timeseries_963.csv,-3.6472597371245374
timeseries_966.csv,timeseries_968.csv,-4.95886112155726
timeseries_380.csv,timeseries_1000.csv,-2.5048861669283147
timeseries_898.csv,timeseries_599.csv,-3.604944201855951
timeseries_199.csv,timeseries_593.csv,-2.700189337154436
timeseries_1441.csv,timeseries_986.csv,-4.288984341428475
timeseries_644.csv,timeseries_602.csv,-3.8089239248978686
timeseries_787.csv,timeseries_601.csv,-3.398668699125304
timeseries_1352.csv,timeseries_989.csv,-3.6244870675974887
timeseries_652.csv,timeseries_603.csv,-4.414842217644278
timeseries_951.csv,timeseries_981.csv,-3.0779393324893185
timeseries_382.csv,timeseries_604.csv,-2.6648493357009264
timeseries_254.csv,timeseries_589.csv,-2.5795787570592634
timeseries_35.csv,timeseries_596.csv,-4.992089734168528
timeseries_851.csv,timeseries_998.csv,-3.8359899829681128
timeseries_1178.csv,timeseries_973.csv,-3.6429296598967067
timeseries_1071.csv,timeseries_972.csv,-3.528501566142203
timeseries_672.csv,timeseries_587.csv,-4.250255420900967
timeseries_889.csv,timeseries_543.csv,-0.6972557035952991
timeseries_18.csv,timeseries_581.csv,-4.831642996007803
timeseries_1010.csv,timeseries_973.csv,-3.536086224411844
timeseries_607.csv,timeseries_86.csv,-1.5223725873312564
timeseries_527.csv,timeseries_955.csv,-3.545824453334694
timeseries_343.csv,timeseries_584.csv,-2.911749919332589
timeseries_764.csv,timeseries_594.csv,-4.496505908573365
timeseries_457.csv,timeseries_991.csv,-2.856198431809975
timeseries_675.csv,timeseries_575.csv,-3.3431960891805312
timeseries_860.csv,timeseries_568.csv,-3.590783345050915
timeseries_260.csv,timeseries_571.csv,-2.122311520881965
timeseries_1309.csv,timeseries_957.csv,-3.178479243237093
timeseries_126.csv,timeseries_571.csv,-2.103426503091496
timeseries_398.csv,timeseries_998.csv,-4.473994771832162
timeseries_327.csv,timeseries_594.csv,-4.956744887362011
timeseries_107.csv,timeseries_584.csv,-2.6414717702303148
timeseries_6.csv,timeseries_587.csv,-5.2969865110660646
timeseries_24.csv,timeseries_960.csv,-4.133245450992191
timeseries_994.csv,timeseries_966.csv,-3.5244416375166168
timeseries_1329.csv,timeseries_571.csv,-1.6550384245097827
timeseries_46.csv,timeseries_573.csv,-3.5678250255156643
timeseries_1296.csv,timeseries_419.csv,-3.845401460457081
timeseries_1445.csv,timeseries_599.csv,-2.6669395022810107
timeseries_1154.csv,timeseries_966.csv,-3.388901874893599
timeseries_287.csv,timeseries_595.csv,-3.0088191699974427
timeseries_863.csv,timeseries_419.csv,-4.23664975735602
timeseries_600.csv,timeseries_419.csv,-4.980940363980327
timeseries_1165.csv,timeseries_982.csv,-3.0953143744206457
timeseries_467.csv,timeseries_568.csv,-4.198101382195706
timeseries_1192.csv,timeseries_419.csv,-3.7813057787692426
timeseries_756.csv,timeseries_578.csv,-2.6698565557185994
timeseries_157.csv,timeseries_953.csv,-4.408076727192265
timeseries_247.csv,timeseries_996.csv,-3.492148845367722
timeseries_1339.csv,timeseries_953.csv,-4.689832402058151
timeseries_768.csv,timeseries_601.csv,-3.723482825836868
timeseries_945.csv,timeseries_584.csv,-3.225606302647474
timeseries_517.csv,timeseries_600.csv,-5.06215014568953
timeseries_619.csv,timeseries_990.csv,-4.0044154741464455
timeseries_1213.csv,timeseries_984.csv,-2.530713632302781
timeseries_1326.csv,timeseries_997.csv,-3.7564546181890988
timeseries_1315.csv,timeseries_579.csv,-3.544356643147818
timeseries_21.csv,timeseries_587.csv,-4.059856965304188
timeseries_322.csv,timeseries_579.csv,-4.7199997406804854
timeseries_643.csv,timeseries_579.csv,-4.001922697720653
timeseries_310.csv,timeseries_89.csv,-0.27296783073446607
timeseries_1316.csv,timeseries_583.csv,-2.4526194096999463
timeseries_72.csv,timeseries_953.csv,-4.711324885572438
timeseries_462.csv,timeseries_583.csv,-3.0164179914670743
timeseries_941.csv,timeseries_591.csv,-3.348122391435467
timeseries_41.csv,timeseries_998.csv,-3.5874345235417096
timeseries_777.csv,timeseries_584.csv,-2.6097390086742505
timeseries_1173.csv,timeseries_996.csv,-4.58867118516942
timeseries_867.csv,timeseries_573.csv,-3.2065983605659616
timeseries_56.csv,timeseries_990.csv,-5.417913175099607
timeseries_1124.csv,timeseries_971.csv,-5.790079574531383
timeseries_1048.csv,timeseries_582.csv,-4.041879279715176
timeseries_1203.csv,timeseries_582.csv,-3.059155434696862
timeseries_139.csv,timeseries_585.csv,-3.8167542932851193
timeseries_595.csv,timeseries_583.csv,-3.0737225994453743
timeseries_1015.csv,timeseries_994.csv,-4.3287964183666325
timeseries_121.csv,timeseries_975.csv,-4.302383352566684
timeseries_201.csv,timeseries_994.csv,-3.3720500372368285
timeseries_1019.csv,timeseries_587.csv,-5.198097451688228
timeseries_305.csv,timeseries_996.csv,-4.392480066339846
timeseries_352.csv,timeseries_583.csv,-3.2762957752484905
timeseries_1402.csv,timeseries_579.csv,-3.7572034555106155
timeseries_847.csv,timeseries_982.csv,-2.4636765676996646
timeseries_1198.csv,timeseries_601.csv,-3.3529258225585146
timeseries_722.csv,timeseries_964.csv,-2.9081396997108295
timeseries_526.csv,timeseries_1000.csv,-2.2908672612732417
timeseries_1073.csv,timeseries_967.csv,-3.841413117677054
timeseries_14.csv,timeseries_962.csv,-2.5612438530858537
timeseries_962.csv,timeseries_589.csv,-3.4852832824218902
timeseries_850.csv,timeseries_963.csv,-3.8617856500740837
timeseries_910.csv,timeseries_1134.csv,-0.118281057600919
timeseries_466.csv,timeseries_581.csv,-5.904470877521945
timeseries_743.csv,timeseries_960.csv,-3.9641889095838403
timeseries_730.csv,timeseries_955.csv,-3.1960489198579056
timeseries_674.csv,timeseries_957.csv,-3.440357592674766
timeseries_304.csv,timeseries_584.csv,-3.2426545058437535
timeseries_284.csv,timeseries_953.csv,-4.674839305759373
timeseries_135.csv,timeseries_955.csv,-3.1976732894953974
timeseries_59.csv,timeseries_577.csv,-2.7131443487106406
timeseries_5.csv,timeseries_1096.csv,-0.3619873142327248
timeseries_1156.csv,timeseries_967.csv,-3.827981421657693
timeseries_570.csv,timeseries_580.csv,-3.44565136552042
timeseries_598.csv,timeseries_956.csv,-4.304449699775454
timeseries_993.csv,timeseries_994.csv,-4.426947198478073
timeseries_303.csv,timeseries_579.csv,-4.968412084235555
timeseries_1455.csv,timeseries_347.csv,-0.9069026173242491
timeseries_1223.csv,timeseries_599.csv,-2.8783911535372266
timeseries_1403.csv,timeseries_584.csv,-2.1575746215836036
timeseries_450.csv,timeseries_993.csv,-4.646651833381865
timeseries_1072.csv,timeseries_959.csv,-3.9564524788524107
timeseries_1458.csv,timeseries_1096.csv,-0.0002172182811430723
timeseries_827.csv,timeseries_953.csv,-5.146311921170618
timeseries_246.csv,timeseries_568.csv,-3.749966964580481
timeseries_1061.csv,timeseries_602.csv,-4.748788759640692
timeseries_793.csv,timeseries_988.csv,-3.791045342909137
timeseries_192.csv,timeseries_591.csv,-2.3572586908784086
timeseries_820.csv,timeseries_571.csv,-2.175700302853479
timeseries_1247.csv,timeseries_591.csv,-2.2959026250958594
timeseries_461.csv,timeseries_997.csv,-4.808895784132795
timeseries_890.csv,timeseries_996.csv,-4.644752815954565
timeseries_458.csv,timeseries_962.csv,-3.5676734710876845
timeseries_22.csv,timeseries_578.csv,-2.387697488349223
timeseries_1438.csv,timeseries_581.csv,-4.348168504191533
timeseries_1065.csv,timeseries_975.csv,-5.773428967362042
timeseries_1162.csv,timeseries_571.csv,-2.8164534080752395
timeseries_339.csv,timeseries_960.csv,-4.690525028828107
timeseries_1116.csv,timeseries_580.csv,-3.7381531704657345
timeseries_986.csv,timeseries_587.csv,-5.1422188461084435
timeseries_101.csv,timeseries_602.csv,-3.7634904433893333
timeseries_204.csv,timeseries_594.csv,-4.124422555152849
timeseries_88.csv,timeseries_953.csv,-4.6411416085770725
timeseries_1241.csv,timeseries_971.csv,-4.1985621027598885
timeseries_502.csv,timeseries_955.csv,-3.492782930354962
timeseries_799.csv,timeseries_597.csv,-2.7648447109181453
timeseries_1360.csv,timeseries_967.csv,-2.409422419682375
timeseries_548.csv,timeseries_956.csv,-4.732409523946884
timeseries_1172.csv,timeseries_998.csv,-4.297091820240556
timeseries_1330.csv,timeseries_575.csv,-2.9034480117110957
timeseries_379.csv,timeseries_963.csv,-4.6580600616081
timeseries_1421.csv,timeseries_587.csv,-3.6649516366910877
timeseries_1058.csv,timeseries_571.csv,-2.916261947123886
timeseries_653.csv,timeseries_581.csv,-4.71914254354784
timeseries_1102.csv,timeseries_969.csv,-3.7502372533679145
timeseries_553.csv,timeseries_957.csv,-3.9560475945039695
timeseries_301.csv,timeseries_994.csv,-4.407603158496245
timeseries_660.csv,timeseries_601.csv,-3.9368731150620455
timeseries_100.csv,timeseries_597.csv,-2.4571343285922618
timeseries_1301.csv,timeseries_588.csv,-2.786094145273062
timeseries_1353.csv,timeseries_594.csv,-3.8572968444737805
timeseries_1221.csv,timeseries_990.csv,-4.917516225398742
timeseries_1082.csv,timeseries_966.csv,-3.2434945450817283
timeseries_922.csv,timeseries_593.csv,-3.4894546284510266
timeseries_176.csv,timeseries_582.csv,-3.1918102577655976
timeseries_1408.csv,timeseries_580.csv,-2.353233635858742
timeseries_646.csv,timeseries_998.csv,-3.507933371150677
timeseries_344.csv,timeseries_596.csv,-5.652531183109146
timeseries_1287.csv,timeseries_593.csv,-2.589235786853299
timeseries_297.csv,timeseries_603.csv,-5.114304714937318
timeseries_832.csv,timeseries_571.csv,-2.212196032385972
timeseries_53.csv,timeseries_571.csv,-2.17838449737061
timeseries_765.csv,timeseries_960.csv,-4.081539925459396
timeseries_1348.csv,timeseries_570.csv,-3.613012401021744
timeseries_505.csv,timeseries_586.csv,-4.074969316190654
timeseries_170.csv,timeseries_955.csv,-3.2106444561337897
timeseries_113.csv,timeseries_998.csv,-3.7416627790319037
timeseries_92.csv,timeseries_993.csv,-4.082037455616124
timeseries_413.csv,timeseries_595.csv,-3.3267085082873553
timeseries_792.csv,timeseries_994.csv,-3.367644841675771
timeseries_431.csv,timeseries_571.csv,-2.6646471704949257
timeseries_68.csv,timeseries_975.csv,-4.126532951152294
timeseries_1028.csv,timeseries_958.csv,-2.666966719215044
timeseries_236.csv,timeseries_966.csv,-2.5828004063799606
timeseries_877.csv,timeseries_578.csv,-3.190463782779524
timeseries_650.csv,timeseries_585.csv,-3.6653854140299504
timeseries_256.csv,timeseries_997.csv,-3.766011591939514
timeseries_1255.csv,timeseries_601.csv,-3.246858722862812
timeseries_294.csv,timeseries_574.csv,-3.46155682503343
timeseries_831.csv,timeseries_568.csv,-3.502700552250208
timeseries_1422.csv,timeseries_574.csv,-2.7097577533670214
timeseries_16.csv,timeseries_989.csv,-3.798637288798079
timeseries_57.csv,timeseries_956.csv,-3.594332208392486
timeseries_205.csv,timeseries_576.csv,-1.5922751009833247
timeseries_1187.csv,timeseries_590.csv,-2.3397762008434984
timeseries_182.csv,timeseries_577.csv,-2.528184772455399
timeseries_906.csv,timeseries_598.csv,-4.761670373468351
timeseries_964.csv,timeseries_595.csv,-3.6305359620753723
timeseries_1131.csv,timeseries_591.csv,-3.458889941533408
timeseries_242.csv,timeseries_594.csv,-4.465237358188623
timeseries_667.csv,timeseries_977.csv,-3.7788987322885657
timeseries_589.csv,timeseries_959.csv,-2.340372760894637
timeseries_757.csv,timeseries_584.csv,-2.650655915990031
timeseries_427.csv,timeseries_583.csv,-3.224451932948684
timeseries_1035.csv,timeseries_597.csv,-3.3662491173198443
timeseries_137.csv,timeseries_955.csv,-2.90354726570281
timeseries_255.csv,timeseries_961.csv,-4.8668870220868765
timeseries_477.csv,timeseries_587.csv,-4.527959224605504
timeseries_270.csv,timeseries_584.csv,-2.2277411543431014
timeseries_489.csv,timeseries_968.csv,-4.536451077741103
timeseries_856.csv,timeseries_594.csv,-4.323835657396538
timeseries_155.csv,timeseries_574.csv,-3.1020651187937984
timeseries_172.csv,timeseries_596.csv,-4.920823090085765
timeseries_927.csv,timeseries_994.csv,-4.325878081333894
timeseries_859.csv,timeseries_575.csv,-3.1474884881133827
timeseries_185.csv,timeseries_991.csv,-2.310212383602539
timeseries_1244.csv,timeseries_590.csv,-2.5317120129877972
timeseries_1025.csv,timeseries_592.csv,-3.6547691062728678
timeseries_78.csv,timeseries_587.csv,-3.8431639280765664
timeseries_789.csv,timeseries_968.csv,-3.785550607747637
timeseries_557.csv,timeseries_603.csv,-4.665333584991018
timeseries_295.csv,timeseries_571.csv,-2.760940836539501
timeseries_1394.csv,timeseries_585.csv,-3.5850198667975413
timeseries_1129.csv,timeseries_603.csv,-5.150567306111007
timeseries_221.csv,timeseries_602.csv,-3.9144123678665075
timeseries_865.csv,timeseries_961.csv,-4.950798891631942
timeseries_1432.csv,timeseries_971.csv,-4.395944050624448
timeseries_932.csv,timeseries_977.csv,-4.803047187120699
timeseries_60.csv,timeseries_960.csv,-3.8413814228996044
timeseries_774.csv,timeseries_571.csv,-2.09599101163372
timeseries_931.csv,timeseries_597.csv,-3.187206478860804
timeseries_852.csv,timeseries_966.csv,-2.8794450261290896
timeseries_881.csv,timeseries_595.csv,-2.8744123350679867
timeseries_415.csv,timeseries_998.csv,-4.721177643931008
timeseries_904.csv,timeseries_1000.csv,-2.511017441183789
timeseries_251.csv,timeseries_991.csv,-2.4436973588918813
timeseries_445.csv,timeseries_574.csv,-3.3056613750327264
timeseries_628.csv,timeseries_582.csv,-2.944535948316243
timeseries_1076.csv,timeseries_595.csv,-3.384280974039612
timeseries_554.csv,timeseries_954.csv,-4.6697829998604545
timeseries_208.csv,timeseries_582.csv,-3.294584331875795
timeseries_926.csv,timeseries_583.csv,-3.5183391261522576
timeseries_1380.csv,timeseries_970.csv,-4.2385093197747725
timeseries_49.csv,timeseries_580.csv,-3.023290983678927
timeseries_572.csv,timeseries_604.csv,-2.5167731456354607
timeseries_848.csv,timeseries_998.csv,-3.708703400097642
timeseries_1439.csv,timeseries_600.csv,-4.165709352024044
timeseries_812.csv,timeseries_963.csv,-3.8961020550833174
timeseries_551.csv,timeseries_571.csv,-2.6288905199751147
timeseries_1292.csv,timeseries_568.csv,-3.0214035674286936
timeseries_1236.csv,timeseries_581.csv,-4.643940946540064
timeseries_1157.csv,timeseries_587.csv,-5.291517692866535
timeseries_1370.csv,timeseries_587.csv,-4.1459870439906
timeseries_736.csv,timeseries_984.csv,-2.7652982509131947
timeseries_695.csv,timeseries_570.csv,-4.256062312915234
timeseries_976.csv,timeseries_578.csv,-3.882837368365018
timeseries_130.csv,timeseries_580.csv,-2.8221666269874044
timeseries_1106.csv,timeseries_584.csv,-2.9326091948332205
timeseries_309.csv,timeseries_399.csv,0.27875531443289003
timeseries_1295.csv,timeseries_601.csv,-3.1588558880924618
timeseries_1163.csv,timeseries_973.csv,-3.692671809930112
timeseries_421.csv,timeseries_584.csv,-3.086066317985755
timeseries_1218.csv,timeseries_582.csv,-3.030011009684941
timeseries_1220.csv,timeseries_997.csv,-3.8262532540110747
timeseries_1378.csv,timeseries_989.csv,-3.464865416479096
timeseries_227.csv,timeseries_572.csv,-2.9888521417230125
timeseries_63.csv,timeseries_579.csv,-4.0509230616617575
timeseries_603.csv,timeseries_829.csv,0.05380181454626576
timeseries_1184.csv,timeseries_602.csv,-3.25670650896705
timeseries_938.csv,timeseries_955.csv,-4.171707618924272
timeseries_965.csv,timeseries_580.csv,-3.921089820269944
timeseries_1211.csv,timeseries_976.csv,-3.0379008910367675
timeseries_1096.csv,timeseries_571.csv,-2.9305236254735902
timeseries_1166.csv,timeseries_583.csv,-3.584982924606254
timeseries_1038.csv,timeseries_571.csv,-2.8298722121260527
timeseries_388.csv,timeseries_977.csv,-4.313807145324124
timeseries_648.csv,timeseries_577.csv,-2.3721041985186306
timeseries_166.csv,timeseries_583.csv,-2.780253201296022
timeseries_1037.csv,timeseries_584.csv,-3.085054861743897
timeseries_95.csv,timeseries_583.csv,-2.493441276856261
timeseries_219.csv,timeseries_576.csv,-1.624164071323869
timeseries_804.csv,timeseries_589.csv,-2.725423240781235
timeseries_323.csv,timeseries_575.csv,-3.7997687333068333
timeseries_772.csv,timeseries_960.csv,-4.040381094389352
timeseries_1177.csv,timeseries_579.csv,-4.972763597268056
timeseries_438.csv,timeseries_601.csv,-4.036062068990074
timeseries_662.csv,timeseries_571.csv,-2.2175017952051044
timeseries_522.csv,timeseries_994.csv,-4.108203788807558
timeseries_340.csv,timeseries_595.csv,-3.296463472633386
timeseries_1375.csv,timeseries_574.csv,-2.647370900858826
timeseries_623.csv,timeseries_347.csv,-0.5316527200927743
timeseries_455.csv,timeseries_585.csv,-4.219342315013142
timeseries_908.csv,timeseries_1096.csv,-0.2717168904103755
timeseries_800.csv,timeseries_985.csv,-2.810315756819003
timeseries_1395.csv,timeseries_587.csv,-3.635273332953835
timeseries_1350.csv,timeseries_586.csv,-3.4075950684134666
timeseries_1311.csv,timeseries_603.csv,-3.9318864678472254
timeseries_1043.csv,timeseries_996.csv,-4.39764686241548
timeseries_1397.csv,timeseries_590.csv,-2.5220908905324766
timeseries_1011.csv,timeseries_574.csv,-3.947013559534647
timeseries_3.csv,timeseries_347.csv,-0.25615917555464596
timeseries_476.csv,timeseries_583.csv,-3.115417265174587
timeseries_114.csv,timeseries_419.csv,-4.265492933995643
timeseries_866.csv,timeseries_574.csv,-3.3046779554937835
timeseries_1232.csv,timeseries_602.csv,-3.5877415929356333
timeseries_779.csv,timeseries_587.csv,-4.085967239283818
timeseries_277.csv,timeseries_597.csv,-2.3852160811431338
timeseries_1409.csv,timeseries_999.csv,-3.366724840772931
timeseries_183.csv,timeseries_954.csv,-3.7400654769600346
timeseries_914.csv,timeseries_605.csv,0.1223547481105145
timeseries_1186.csv,timeseries_587.csv,-3.8995864293181413
timeseries_218.csv,timeseries_585.csv,-3.7695928667749756
timeseries_1337.csv,timeseries_580.csv,-2.557699350138745
timeseries_207.csv,timeseries_587.csv,-4.313022649395158
timeseries_935.csv,timeseries_586.csv,-4.807954281835773
timeseries_830.csv,timeseries_568.csv,-3.5610807622885243
timeseries_519.csv,timeseries_577.csv,-3.318495173351037
timeseries_1159.csv,timeseries_982.csv,-3.360790592905044
timeseries_1340.csv,timeseries_581.csv,-4.700307366425988
timeseries_745.csv,timeseries_594.csv,-4.471776992205359
timeseries_621.csv,timeseries_594.csv,-4.865524353444181
timeseries_1272.csv,timeseries_971.csv,-4.260612815723393
timeseries_996.csv,timeseries_586.csv,-4.397470666832619
timeseries_1009.csv,timeseries_996.csv,-4.58406044923371
timeseries_106.csv,timeseries_954.csv,-3.734589169391281
timeseries_1215.csv,timeseries_988.csv,-3.786908075145365
timeseries_1197.csv,timeseries_603.csv,-3.620759369842218
timeseries_1226.csv,timeseries_582.csv,-3.0248907004781502
timeseries_224.csv,timeseries_961.csv,-4.402459756323042
timeseries_1054.csv,timeseries_984.csv,-3.1810857827851526
timeseries_849.csv,timeseries_975.csv,-4.553898958530142
timeseries_30.csv,timeseries_956.csv,-3.2993022560690894
timeseries_1299.csv,timeseries_581.csv,-4.215215066354081
timeseries_407.csv,timeseries_953.csv,-5.404188912737185
timeseries_417.csv,timeseries_419.csv,-4.955555345460431
timeseries_411.csv,timeseries_596.csv,-5.5801540774696266
timeseries_813.csv,timeseries_601.csv,-3.832342272742652
timeseries_709.csv,timeseries_960.csv,-4.176705866295148
timeseries_681.csv,timeseries_571.csv,-2.1209305274620696
timeseries_118.csv,timeseries_596.csv,-4.536221294015197
timeseries_318.csv,timeseries_600.csv,-4.699021817943553
timeseries_1312.csv,timeseries_591.csv,-2.47615200528851
timeseries_1196.csv,timeseries_982.csv,-2.122129821022724
timeseries_299.csv,timeseries_584.csv,-3.212531378265574
timeseries_555.csv,timeseries_601.csv,-4.015916981491664
timeseries_84.csv,timeseries_577.csv,-2.4458644035691424
timeseries_1361.csv,timeseries_953.csv,-4.631738846869763
timeseries_212.csv,timeseries_578.csv,-2.9171531808457294
timeseries_153.csv,timeseries_985.csv,-2.7829487174875087
timeseries_755.csv,timeseries_594.csv,-4.573106801538338
timeseries_1053.csv,timeseries_601.csv,-4.480442501685464
timeseries_443.csv,timeseries_599.csv,-3.6920387105297765
timeseries_54.csv,timeseries_594.csv,-4.361904666330961
timeseries_720.csv,timeseries_996.csv,-3.591903157694226
timeseries_1250.csv,timeseries_589.csv,-2.5413163917834614
timeseries_111.csv,timeseries_598.csv,-3.6975058760984547
timeseries_696.csv,timeseries_594.csv,-4.421355651424061
timeseries_253.csv,timeseries_580.csv,-2.9478045947927742
timeseries_571.csv,timeseries_599.csv,-3.6286055412242773
timeseries_281.csv,timeseries_780.csv,0.23637698659854067
timeseries_797.csv,timeseries_591.csv,-2.1691914358047844
timeseries_817.csv,timeseries_992.csv,-4.653200625636182
timeseries_436.csv,timeseries_599.csv,-3.7056551020002138
timeseries_268.csv,timeseries_570.csv,-3.817589837399807
timeseries_1161.csv,timeseries_582.csv,-4.043710372436487
timeseries_282.csv,timeseries_1181.csv,-0.8854642767266268
timeseries_233.csv,timeseries_998.csv,-3.4793794241949394
timeseries_1300.csv,timeseries_957.csv,-3.1758280448925165
timeseries_694.csv,timeseries_982.csv,-2.238715971859513
timeseries_794.csv,timeseries_587.csv,-4.081273355015663
timeseries_162.csv,timeseries_568.csv,-3.539508723879452
timeseries_315.csv,timeseries_829.csv,0.10264484691782616
timeseries_418.csv,timeseries_585.csv,-4.083109413704829
timeseries_969.csv,timeseries_419.csv,-5.3890945422788725
timeseries_142.csv,timeseries_580.csv,-3.089617468080519
timeseries_1212.csv,timeseries_579.csv,-3.7526048208303147
timeseries_1290.csv,timeseries_595.csv,-2.4200184813958976
timeseries_377.csv,timeseries_584.csv,-2.9989057128434005
timeseries_715.csv,timeseries_571.csv,-2.342796258721101
timeseries_688.csv,timeseries_580.csv,-2.9460419868402994
timeseries_1090.csv,timeseries_985.csv,-3.458789323671933
timeseries_651.csv,timeseries_963.csv,-4.065263471234124
timeseries_1240.csv,timeseries_574.csv,-2.83250810515639
timeseries_235.csv,timeseries_575.csv,-3.1258884797218984
timeseries_1384.csv,timeseries_570.csv,-3.4350341586743447
timeseries_936.csv,timeseries_1000.csv,-2.579196627147293
timeseries_307.csv,timeseries_605.csv,0.1682294428557377
timeseries_73.csv,timeseries_573.csv,-3.2300563432888625
timeseries_1356.csv,timeseries_590.csv,-2.395064905654721
timeseries_815.csv,timeseries_995.csv,-4.115362054237801
timeseries_1449.csv,timeseries_413.csv,-0.6300462027852514
timeseries_271.csv,timeseries_603.csv,-4.080170695898364
timeseries_1067.csv,timeseries_576.csv,-2.0966067704823796
timeseries_937.csv,timeseries_585.csv,-4.935660932164331
timeseries_1347.csv,timeseries_586.csv,-3.4591110542756
timeseries_759.csv,timeseries_970.csv,-4.8896598924824515
timeseries_1269.csv,timeseries_571.csv,-2.07427010854242
timeseries_428.csv,timeseries_578.csv,-3.4864686912753404
timeseries_262.csv,timeseries_977.csv,-3.9635909376849474
timeseries_1088.csv,timeseries_587.csv,-5.297829645793314
timeseries_983.csv,timeseries_585.csv,-4.844771501494024
timeseries_821.csv,timeseries_568.csv,-3.760601645557762
timeseries_276.csv,timeseries_599.csv,-3.1879422767178927
timeseries_997.csv,timeseries_581.csv,-6.115565441055535
timeseries_1100.csv,timeseries_966.csv,-3.2682812132458503
timeseries_1021.csv,timeseries_591.csv,-3.1101705895717107
timeseries_592.csv,timeseries_1096.csv,-0.8629142644703436
timeseries_76.csv,timeseries_574.csv,-3.0301071426787116
timeseries_1389.csv,timeseries_963.csv,-3.5904383418684116
timeseries_1080.csv,timeseries_1000.csv,-2.5901828926583605
timeseries_1396.csv,timeseries_419.csv,-3.902093036388494
timeseries_265.csv,timeseries_570.csv,-3.9617553591551085
timeseries_1462.csv,timeseries_599.csv,-4.096049320782304
timeseries_237.csv,timeseries_954.csv,-3.4316405811092885
timeseries_1108.csv,timeseries_571.csv,-2.9518090615946933
timeseries_1450.csv,timeseries_1146.csv,-2.2745097932590994
timeseries_158.csv,timeseries_591.csv,-2.3393475968603936
timeseries_504.csv,timeseries_973.csv,-3.2933539226900477
timeseries_560.csv,timeseries_582.csv,-3.886030412744952
timeseries_921.csv,timeseries_601.csv,-4.153021589456853
timeseries_561.csv,timeseries_975.csv,-5.411490017818466
timeseries_383.csv,timeseries_957.csv,-4.069550166163329
timeseries_899.csv,timeseries_982.csv,-3.2876237312121335
timeseries_1142.csv,timeseries_963.csv,-4.979432375062855
timeseries_1357.csv,timeseries_968.csv,-3.6019732263284423
timeseries_1075.csv,timeseries_996.csv,-4.557635419046335
timeseries_1120.csv,timeseries_966.csv,-3.236074914145668
timeseries_420.csv,timeseries_585.csv,-4.238230305056525
timeseries_1457.csv,timeseries_1021.csv,-0.4258433554524621
timeseries_1089.csv,timeseries_580.csv,-3.632551398351482
timeseries_673.csv,timeseries_972.csv,-2.801046783206998
timeseries_1006.csv,timeseries_576.csv,-2.2515603766652603
timeseries_1145.csv,timeseries_966.csv,-3.4343660828264184
timeseries_112.csv,timeseries_603.csv,-3.843822181078081
timeseries_1097.csv,timeseries_985.csv,-3.554349868048191
timeseries_410.csv,timeseries_588.csv,-3.6097450378811464
timeseries_459.csv,timeseries_573.csv,-4.091792903853588
timeseries_32.csv,timeseries_971.csv,-4.648430477471865
timeseries_762.csv,timeseries_586.csv,-3.5349327796446888
timeseries_636.csv,timeseries_591.csv,-2.3146293492940124
timeseries_689.csv,timeseries_601.csv,-3.448818432843651
timeseries_516.csv,timeseries_956.csv,-4.109007104839642
timeseries_913.csv,timeseries_1029.csv,-0.703202703086282
timeseries_1122.csv,timeseries_569.csv,-4.1286497553490396
timeseries_701.csv,timeseries_590.csv,-2.7704656372875665
timeseries_950.csv,timeseries_583.csv,-3.3133934912432865
timeseries_839.csv,timeseries_579.csv,-4.151687056377924
timeseries_473.csv,timeseries_991.csv,-3.1183820753596443
timeseries_1423.csv,timeseries_587.csv,-4.000391011204446
timeseries_197.csv,timeseries_963.csv,-3.5925409910639585
timeseries_289.csv,timeseries_585.csv,-4.343178771018996
timeseries_795.csv,timeseries_997.csv,-3.980683946228388
timeseries_1440.csv,timeseries_585.csv,-3.2596685510798666
timeseries_632.csv,timeseries_574.csv,-2.7187114943933435
timeseries_116.csv,timeseries_572.csv,-3.1770499639886705
timeseries_631.csv,timeseries_971.csv,-4.482768749817176
timeseries_321.csv,timeseries_593.csv,-3.2655235859355303
timeseries_373.csv,timeseries_599.csv,-3.775357208025688
timeseries_1012.csv,timeseries_580.csv,-3.89592037077374
timeseries_992.csv,timeseries_576.csv,-2.1672480568401205
timeseries_1167.csv,timeseries_576.csv,-2.0876674922470517
timeseries_590.csv,timeseries_1029.csv,-1.269343181154524
timeseries_1460.csv,timeseries_1021.csv,-0.2478258226250194
timeseries_195.csv,timeseries_603.csv,-3.6796554339629086
timeseries_1327.csv,timeseries_963.csv,-3.9160844211207433
timeseries_669.csv,timeseries_570.csv,-4.120511762585134
timeseries_861.csv,timeseries_988.csv,-4.098829726796217
timeseries_858.csv,timeseries_601.csv,-3.3443164309571376
timeseries_1036.csv,timeseries_579.csv,-5.327140167838835
timeseries_746.csv,timeseries_586.csv,-3.3936786764341207
timeseries_1062.csv,timeseries_571.csv,-3.047282257164267
timeseries_1225.csv,timeseries_591.csv,-2.1514681144384284
timeseries_338.csv,timeseries_580.csv,-3.373017180696716
timeseries_350.csv,timeseries_569.csv,-3.4474914157274474
timeseries_244.csv,timeseries_975.csv,-4.522972088364372
timeseries_677.csv,timeseries_990.csv,-5.487098585117649
timeseries_1399.csv,timeseries_587.csv,-3.5471562119401083
timeseries_585.csv,timeseries_1029.csv,-1.236978394698017
timeseries_642.csv,timeseries_599.csv,-3.3753825517049076
timeseries_988.csv,timeseries_985.csv,-3.514658846411441
timeseries_1047.csv,timeseries_600.csv,-5.532175308539784
timeseries_259.csv,timeseries_573.csv,-3.3967455608857655
timeseries_984.csv,timeseries_966.csv,-3.48413233573781
timeseries_825.csv,timeseries_570.csv,-3.899633841987355
timeseries_1261.csv,timeseries_968.csv,-3.623320409069785
timeseries_437.csv,timeseries_587.csv,-4.704980786640462
timeseries_808.csv,timeseries_994.csv,-3.3590002194277258
timeseries_599.csv,timeseries_983.csv,-3.197672553705088
timeseries_1206.csv,timeseries_971.csv,-4.163194529479682
timeseries_430.csv,timeseries_571.csv,-2.348296306387167
timeseries_597.csv,timeseries_571.csv,-2.7557821167500696
timeseries_915.csv,timeseries_986.csv,-3.986024722991421
timeseries_360.csv,timeseries_581.csv,-5.452562404236218
timeseries_1234.csv,timeseries_986.csv,-4.083193084590931
timeseries_580.csv,timeseries_1119.csv,0.2510945393681273
timeseries_1293.csv,timeseries_568.csv,-3.458268458994355
timeseries_1168.csv,timeseries_596.csv,-5.910035124393741
timeseries_1259.csv,timeseries_571.csv,-1.8843220023214546
timeseries_240.csv,timeseries_594.csv,-4.1127955432189225
timeseries_1412.csv,timeseries_569.csv,-2.801461516130951
timeseries_1013.csv,timeseries_991.csv,-3.351735341668175
timeseries_1406.csv,timeseries_593.csv,-2.559969418030205
timeseries_1274.csv,timeseries_583.csv,-2.41588571640459
timeseries_974.csv,timeseries_975.csv,-5.880940911762177
timeseries_146.csv,timeseries_594.csv,-3.7836972886759392
timeseries_115.csv,timeseries_579.csv,-4.04186168573523
timeseries_725.csv,timeseries_576.csv,-1.6695999337763925
timeseries_23.csv,timeseries_998.csv,-3.8487678869663453
timeseries_1443.csv,timeseries_975.csv,-4.278046396846398
timeseries_127.csv,timeseries_587.csv,-4.042172220670383
timeseries_1238.csv,timeseries_568.csv,-3.3785982449339658
timeseries_698.csv,timeseries_570.csv,-4.192889551241765
timeseries_1344.csv,timeseries_579.csv,-3.855706643878027
timeseries_214.csv,timeseries_986.csv,-4.33711129829866
timeseries_396.csv,timeseries_595.csv,-3.4178837525703054
timeseries_587.csv,timeseries_989.csv,-4.644049262485648
timeseries_367.csv,timeseries_976.csv,-3.723015929848306
timeseries_216.csv,timeseries_965.csv,-1.6387846681908016
timeseries_682.csv,timeseries_579.csv,-4.262834406735649
timeseries_408.csv,timeseries_604.csv,-2.7569162445443407
timeseries_884.csv,timeseries_581.csv,-5.155641737189318
timeseries_416.csv,timeseries_585.csv,-4.1321019517912125
timeseries_790.csv,timeseries_586.csv,-3.551613481316389
timeseries_1298.csv,timeseries_573.csv,-3.0722903224142843
timeseries_1026.csv,timeseries_589.csv,-3.3650630339489265
timeseries_543.csv,timeseries_599.csv,-3.4019061330155145
timeseries_949.csv,timeseries_602.csv,-5.122008802317291
timeseries_1023.csv,timeseries_966.csv,-3.3701659156687036
timeseries_721.csv,timeseries_1000.csv,-2.1660114363973477
timeseries_423.csv,timeseries_599.csv,-3.6700476641614532
timeseries_465.csv,timeseries_990.csv,-5.813334996500993
timeseries_497.csv,timeseries_580.csv,-3.3461543067741983
timeseries_581.csv,timeseries_89.csv,-0.537676791047214
timeseries_384.csv,timeseries_956.csv,-4.253393885243637
timeseries_567.csv,timeseries_601.csv,-4.108863474395205
timeseries_1084.csv,timeseries_584.csv,-3.258702662430008
timeseries_429.csv,timeseries_585.csv,-4.1033099132705955
timeseries_345.csv,timeseries_590.csv,-3.1078080742981147
timeseries_1385.csv,timeseries_976.csv,-3.216561025093452
timeseries_952.csv,timeseries_967.csv,-3.8070960462549586
timeseries_181.csv,timeseries_602.csv,-3.960940592050399
timeseries_1459.csv,timeseries_1096.csv,-0.2812974303110676
timeseries_947.csv,timeseries_583.csv,-3.452700001341829
timeseries_1064.csv,timeseries_571.csv,-2.907387302076993
timeseries_1277.csv,timeseries_990.csv,-4.905613511131306
timeseries_99.csv,timeseries_586.csv,-3.3074941368729425
timeseries_1123.csv,timeseries_597.csv,-3.4331128627286267
timeseries_372.csv,timeseries_586.csv,-4.126087831324788
timeseries_1362.csv,timeseries_975.csv,-3.969552174968399
timeseries_869.csv,timeseries_982.csv,-2.388835045303404
timeseries_444.csv,timeseries_957.csv,-3.931243620689786
timeseries_1434.csv,timeseries_583.csv,-2.444935339617005
timeseries_953.csv,timeseries_594.csv,-5.29636485708136
timeseries_843.csv,timeseries_594.csv,-4.4391212807585205
timeseries_1383.csv,timeseries_582.csv,-3.0455480638963666
timeseries_1201.csv,timeseries_995.csv,-4.079461990862889
timeseries_80.csv,timeseries_568.csv,-3.5059024461537254
timeseries_873.csv,timeseries_994.csv,-3.3089214891501824
timeseries_1366.csv,timeseries_600.csv,-4.215082627760112
timeseries_624.csv,timeseries_581.csv,-3.1896450054785035
timeseries_925.csv,timeseries_994.csv,-4.194967086961752
timeseries_679.csv,timeseries_570.csv,-4.388244755957276
timeseries_924.csv,timeseries_584.csv,-3.2095852701221688
timeseries_50.csv,timeseries_977.csv,-3.6994562206446275
timeseries_556.csv,timeseries_993.csv,-5.0175169144092795
timeseries_539.csv,timeseries_959.csv,-3.6536903851220135
timeseries_1022.csv,timeseries_971.csv,-6.155097762577781
timeseries_470.csv,timeseries_991.csv,-3.0866525257935598
timeseries_1334.csv,timeseries_578.csv,-2.8132095010223304
timeseries_449.csv,timeseries_591.csv,-3.0847675961524095
timeseries_633.csv,timeseries_570.csv,-3.7953046228157445
timeseries_317.csv,timeseries_997.csv,-4.286606728646284
timeseries_238.csv,timeseries_584.csv,-2.2902742333791526
timeseries_520.csv,timeseries_589.csv,-3.0735771456829797
timeseries_525.csv,timeseries_601.csv,-4.066928124587573
timeseries_194.csv,timeseries_580.csv,-2.9625880466117605
timeseries_1310.csv,timeseries_600.csv,-4.041955911618219
timeseries_773.csv,timeseries_989.csv,-4.0828175789028425
timeseries_419.csv,timeseries_599.csv,-3.4854216582511572
timeseries_609.csv,timeseries_301.csv,-0.7886066658152826
timeseries_771.csv,timeseries_975.csv,-4.695214396818284
timeseries_712.csv,timeseries_604.csv,-2.3269391295542206
timeseries_347.csv,timeseries_997.csv,-4.566189243514449
timeseries_1363.csv,timeseries_977.csv,-3.6341052849156874
timeseries_1297.csv,timeseries_585.csv,-3.4509006696509115
timeseries_1461.csv,timeseries_977.csv,-3.8939610608610566
timeseries_834.csv,timeseries_570.csv,-4.0056193015719606
timeseries_588.csv,timeseries_955.csv,-3.8513025536761365
timeseries_1224.csv,timeseries_993.csv,-3.9631148743880145
timeseries_562.csv,timeseries_585.csv,-4.034176382486147
timeseries_1175.csv,timeseries_973.csv,-3.624767533169419
timeseries_558.csv,timeseries_585.csv,-4.48760230571574
timeseries_766.csv,timeseries_591.csv,-2.41111984308281
timeseries_51.csv,timeseries_982.csv,-2.114089012116371
timeseries_171.csv,timeseries_595.csv,-2.8853063927485816
timeseries_1046.csv,timeseries_583.csv,-3.5560769042159928
timeseries_713.csv,timeseries_568.csv,-3.6821485718636886
timeseries_726.csv,timeseries_998.csv,-3.91119928804593
timeseries_542.csv,timeseries_574.csv,-3.362791895403009
timeseries_1279.csv,timeseries_977.csv,-3.3667296815444985
timeseries_515.csv,timeseries_967.csv,-3.3087068486047864
timeseries_559.csv,timeseries_590.csv,-3.1459689173419214
timeseries_460.csv,timeseries_989.csv,-4.629677863654791
timeseries_625.csv,timeseries_990.csv,-4.946348148829327
timeseries_1.csv,timeseries_1021.csv,-0.20293300158547667
timeseries_1051.csv,timeseries_987.csv,-3.5581790269095466
timeseries_1251.csv,timeseries_573.csv,-3.28814184810265
timeseries_220.csv,timeseries_989.csv,-3.7300089482425802
timeseries_923.csv,timeseries_603.csv,-4.753127528710436
timeseries_1160.csv,timeseries_576.csv,-2.160260397672223
timeseries_1049.csv,timeseries_583.csv,-3.4453299298299545
timeseries_604.csv,timeseries_749.csv,0.1380878057927717
timeseries_723.csv,timeseries_584.csv,-2.412525351014993
timeseries_809.csv,timeseries_988.csv,-3.8261031172941538
timeseries_77.csv,timeseries_594.csv,-4.271548680237271
timeseries_702.csv,timeseries_579.csv,-4.266373343701045
timeseries_500.csv,timeseries_603.csv,-4.485411701585395
timeseries_784.csv,timeseries_965.csv,-1.6186845338367752
timeseries_25.csv,timeseries_599.csv,-3.050163309284213
timeseries_138.csv,timeseries_977.csv,-3.6390178954619454
timeseries_871.csv,timeseries_982.csv,-2.3420774146332795
timeseries_397.csv,timeseries_583.csv,-3.0558573828443523
timeseries_1410.csv,timeseries_579.csv,-3.8011578849506815
timeseries_1001.csv,timeseries_580.csv,-3.7437941838175695
timeseries_501.csv,timeseries_579.csv,-4.878868823200552
timeseries_946.csv,timeseries_579.csv,-5.195281400751746
timeseries_1230.csv,timeseries_599.csv,-2.927945000953181
timeseries_563.csv,timeseries_599.csv,-3.659884019503507
timeseries_703.csv,timeseries_584.csv,-2.33196569117448
timeseries_471.csv,timeseries_594.csv,-4.410847700891283
timeseries_917.csv,timeseries_578.csv,-3.606093866786683
timeseries_967.csv,timeseries_571.csv,-3.0117169592081066
timeseries_433.csv,timeseries_581.csv,-5.757972960024874
timeseries_612.csv,timeseries_578.csv,-3.2484176320688727
timeseries_742.csv,timeseries_602.csv,-4.241345313550984
timeseries_108.csv,timeseries_587.csv,-4.218738471922207
timeseries_1079.csv,timeseries_955.csv,-4.142179933802062
timeseries_435.csv,timeseries_975.csv,-5.185865914366153
timeseries_202.csv,timeseries_957.csv,-3.5116903138987405
timeseries_540.csv,timeseries_593.csv,-3.033528347560056
timeseries_356.csv,timeseries_586.csv,-4.23965812239794
timeseries_896.csv,timeseries_593.csv,-3.4616609899517146
timeseries_968.csv,timeseries_603.csv,-5.309494131114059
timeseries_488.csv,timeseries_953.csv,-5.470078225879706
timeseries_491.csv,timeseries_581.csv,-5.6569439948799225
timeseries_371.csv,timeseries_993.csv,-4.881058160269553
timeseries_97.csv,timeseries_992.csv,-4.22702583335345
timeseries_753.csv,timeseries_602.csv,-4.363223542760551
timeseries_930.csv,timeseries_582.csv,-3.935154461328686
timeseries_1148.csv,timeseries_584.csv,-3.0698071138386114
timeseries_133.csv,timeseries_596.csv,-4.658959911457811
timeseries_686.csv,timeseries_578.csv,-2.875290433641068
timeseries_248.csv,timeseries_571.csv,-2.0418584012434704
timeseries_392.csv,timeseries_956.csv,-4.6202025874532975
timeseries_452.csv,timeseries_602.csv,-4.395146362435767
timeseries_370.csv,timeseries_991.csv,-3.0638245492473812
timeseries_349.csv,timeseries_585.csv,-4.122171195715405
timeseries_1191.csv,timeseries_994.csv,-2.900997281123868
timeseries_577.csv,timeseries_601.csv,-4.375512247295172
timeseries_835.csv,timeseries_419.csv,-4.0001241426020435
timeseries_954.csv,timeseries_1000.csv,-2.5908740420222443
timeseries_1365.csv,timeseries_977.csv,-3.6805882150521896
timeseries_506.csv,timeseries_591.csv,-2.981158007220061
timeseries_1014.csv,timeseries_579.csv,-5.135886257486978
timeseries_341.csv,timeseries_973.csv,-3.094699255491843
timeseries_841.csv,timeseries_953.csv,-5.0508185706069035
timeseries_1190.csv,timeseries_957.csv,-3.0364230180678318
timeseries_750.csv,timeseries_584.csv,-2.376794460913984
timeseries_472.csv,timeseries_977.csv,-4.571709334798777
timeseries_902.csv,timeseries_977.csv,-4.673258427179211
timeseries_209.csv,timeseries_956.csv,-3.359566558622274
timeseries_717.csv,timeseries_971.csv,-5.05245056401681
timeseries_394.csv,timeseries_979.csv,-5.102807914685429
timeseries_486.csv,timeseries_579.csv,-4.488895542364603
timeseries_882.csv,timeseries_594.csv,-4.572694996261215
timeseries_1182.csv,timeseries_1029.csv,-1.0566881367983867
timeseries_336.csv,timeseries_601.csv,-4.097368406576186
timeseries_485.csv,timeseries_589.csv,-3.164568934111699
timeseries_1414.csv,timeseries_594.csv,-3.8829647534165757
timeseries_1239.csv,timeseries_591.csv,-2.3318866013164605
timeseries_748.csv,timeseries_591.csv,-2.5023614408492043
timeseries_853.csv,timeseries_991.csv,-2.6181898591801263
timeseries_355.csv,timeseries_583.csv,-3.2122911612333755
timeseries_1200.csv,timeseries_583.csv,-2.4466229475949715
timeseries_1111.csv,timeseries_583.csv,-3.5290859770066927
timeseries_733.csv,timeseries_989.csv,-3.93190252071431
timeseries_635.csv,timeseries_581.csv,-5.003532497260484
timeseries_86.csv,timeseries_583.csv,-2.5944293784301213
timeseries_507.csv,timeseries_603.csv,-4.946228354419404
timeseries_103.csv,timeseries_982.csv,-2.1728674821454557
timeseries_10.csv,timeseries_301.csv,-0.6860471499602248
timeseries_266.csv,timeseries_963.csv,-3.7882098213286275
timeseries_895.csv,timeseries_995.csv,-3.918961970643821
timeseries_456.csv,timeseries_578.csv,-3.553522849768453
timeseries_136.csv,timeseries_583.csv,-2.6527577358817185
timeseries_606.csv,timeseries_605.csv,0.13778060678961768
timeseries_425.csv,timeseries_595.csv,-3.2637722502033126
timeseries_1017.csv,timeseries_578.csv,-3.6345965993071125
timeseries_1416.csv,timeseries_601.csv,-3.3812821513693274
timeseries_1258.csv,timeseries_594.csv,-4.080658092380691
timeseries_1176.csv,timeseries_597.csv,-3.47024487953325
timeseries_1317.csv,timeseries_579.csv,-3.681615387709435
timeseries_1398.csv,timeseries_994.csv,-3.187251166959137
timeseries_1276.csv,timeseries_588.csv,-2.604516148526322
timeseries_1092.csv,timeseries_975.csv,-5.589326875118128
timeseries_232.csv,timeseries_578.csv,-2.984246903362512
timeseries_514.csv,timeseries_970.csv,-5.755952865046067
timeseries_724.csv,timeseries_998.csv,-3.874451374490647
timeseries_328.csv,timeseries_585.csv,-4.172430265981473
timeseries_829.csv,timeseries_595.csv,-2.6892138129388816
timeseries_1314.csv,timeseries_969.csv,-2.8515997517165137
timeseries_168.csv,timeseries_989.csv,-4.040816410493406
timeseries_1042.csv,timeseries_987.csv,-3.3000357342029547
timeseries_1319.csv,timeseries_590.csv,-2.6291989073357724
timeseries_876.csv,timeseries_587.csv,-4.155139646651819
timeseries_872.csv,timeseries_594.csv,-4.2829537528724835
timeseries_544.csv,timeseries_953.csv,-5.473793448948365
timeseries_1199.csv,timeseries_570.csv,-3.517265799818059
timeseries_955.csv,timeseries_596.csv,-6.405893159084538
timeseries_783.csv,timeseries_597.csv,-2.5889291903337543
timeseries_665.csv,timeseries_594.csv,-4.528668738511787
timeseries_957.csv,timeseries_966.csv,-3.357071858362814
timeseries_1070.csv,timeseries_569.csv,-4.152875365218403
timeseries_1194.csv,timeseries_585.csv,-3.6135523014799826
timeseries_426.csv,timeseries_957.csv,-4.015637642039092
timeseries_614.csv,timeseries_574.csv,-4.098088489133586
timeseries_334.csv,timeseries_595.csv,-2.9641524828776125
timeseries_1415.csv,timeseries_976.csv,-3.020554552149962
timeseries_1174.csv,timeseries_581.csv,-6.2054104995972015
timeseries_578.csv,timeseries_573.csv,-3.718439387161994
timeseries_1331.csv,timeseries_593.csv,-2.521242833254111
timeseries_1059.csv,timeseries_956.csv,-4.565334189152995
timeseries_1400.csv,timeseries_580.csv,-2.9149973558815527
timeseries_654.csv,timeseries_574.csv,-3.3156114016060423
timeseries_524.csv,timeseries_993.csv,-4.528187903606149
timeseries_432.csv,timeseries_594.csv,-4.648776145729201
timeseries_156.csv,timeseries_569.csv,-3.1527598351133737
timeseries_760.csv,timeseries_963.csv,-3.8398932099241785
timeseries_729.csv,timeseries_955.csv,-3.3295797591701337
timeseries_89.csv,timeseries_585.csv,-3.3705767660793757
timeseries_1030.csv,timeseries_584.csv,-3.2582334147789105
timeseries_1003.csv,timeseries_1000.csv,-2.55964811384664
timeseries_39.csv,timeseries_591.csv,-2.5331286042352197
timeseries_31.csv,timeseries_573.csv,-3.314683570694026
timeseries_680.csv,timeseries_996.csv,-3.3948764843269243
timeseries_1135.csv,timeseries_603.csv,-5.051601740305524
timeseries_140.csv,timeseries_961.csv,-4.549287739194224
timeseries_179.csv,timeseries_580.csv,-2.5545225806869722
timeseries_627.csv,timeseries_603.csv,-3.746114835892244
timeseries_1437.csv,timeseries_992.csv,-3.918801302112368
timeseries_129.csv,timeseries_579.csv,-4.03156179828845
timeseries_313.csv,timeseries_655.csv,0.24866688162062955
timeseries_1372.csv,timeseries_984.csv,-2.480169943742661
timeseries_74.csv,timeseries_584.csv,-2.363718742484895
timeseries_1288.csv,timeseries_579.csv,-3.510522078095418
timeseries_1267.csv,timeseries_994.csv,-3.2938466524377663
timeseries_1367.csv,timeseries_580.csv,-2.6746766246279785
timeseries_188.csv,timeseries_994.csv,-3.3806919204874433
timeseries_897.csv,timeseries_573.csv,-4.128998817863749
timeseries_1429.csv,timeseries_590.csv,-2.5263464356445224
timeseries_538.csv,timeseries_989.csv,-4.802323183243413
timeseries_857.csv,timeseries_970.csv,-4.726570133396124
timeseries_1008.csv,timeseries_571.csv,-2.912124565872252
timeseries_1285.csv,timeseries_568.csv,-3.350859252464873
timeseries_283.csv,timeseries_1146.csv,-2.2881604820100576
timeseries_769.csv,timeseries_597.csv,-2.5574170836449963
timeseries_1245.csv,timeseries_571.csv,-1.8857028161001916
timeseries_1083.csv,timeseries_966.csv,-3.249961985636043
timeseries_586.csv,timeseries_587.csv,-3.4794152130487204
timeseries_1068.csv,timeseries_984.csv,-3.443430464821904
timeseries_629.csv,timeseries_997.csv,-3.968031925963099
timeseries_929.csv,timeseries_973.csv,-3.705966591762473
timeseries_250.csv,timeseries_960.csv,-4.039287040912005
timeseries_298.csv,timeseries_571.csv,-2.771466907402452
timeseries_395.csv,timeseries_601.csv,-4.0472102612357075
timeseries_104.csv,timeseries_955.csv,-3.1208379506075854
timeseries_1164.csv,timeseries_996.csv,-4.333611997573184
timeseries_655.csv,timeseries_586.csv,-3.868469197259399
timeseries_45.csv,timeseries_998.csv,-3.695744639833279
timeseries_708.csv,timeseries_972.csv,-3.0113455253374193
timeseries_225.csv,timeseries_600.csv,-4.1445582864988575
timeseries_300.csv,timeseries_586.csv,-4.406459037969017
timeseries_1136.csv,timeseries_997.csv,-4.681980927564357
timeseries_1125.csv,timeseries_576.csv,-2.063258762989648
timeseries_1228.csv,timeseries_585.csv,-3.385229749515008
timeseries_511.csv,timeseries_603.csv,-5.094702948681355
timeseries_348.csv,timeseries_580.csv,-3.4817244259114286
timeseries_1418.csv,timeseries_570.csv,-3.540851042778769
timeseries_1280.csv,timeseries_585.csv,-3.549259346957073
timeseries_796.csv,timeseries_600.csv,-4.606491984812506
timeseries_576.csv,timeseries_975.csv,-4.976944352712758
timeseries_761.csv,timeseries_989.csv,-3.896698700336188
timeseries_64.csv,timeseries_595.csv,-2.591569030757144
timeseries_810.csv,timeseries_581.csv,-5.020570758968081
timeseries_125.csv,timeseries_568.csv,-3.414755059168579
timeseries_1147.csv,timeseries_984.csv,-3.429616054410719
timeseries_605.csv,timeseries_605.csv,-0.01167985953937034
timeseries_469.csv,timeseries_419.csv,-5.263992187685025
timeseries_1153.csv,timeseries_595.csv,-3.426545479426636
timeseries_1113.csv,timeseries_583.csv,-3.567128077231848
timeseries_990.csv,timeseries_998.csv,-4.461336028144223
timeseries_788.csv,timeseries_587.csv,-4.225085566509665
timeseries_163.csv,timeseries_991.csv,-2.4706611311709623
timeseries_837.csv,timeseries_595.csv,-2.520584912144112
timeseries_159.csv,timeseries_956.csv,-3.537022907347965
timeseries_666.csv,timeseries_584.csv,-2.4310207518237883
timeseries_608.csv,timeseries_301.csv,-0.7147327250936863
timeseries_1323.csv,timeseries_568.csv,-3.1661030411480944
timeseries_699.csv,timeseries_988.csv,-4.056137100799241
timeseries_741.csv,timeseries_590.csv,-2.75497296790274
timeseries_900.csv,timeseries_997.csv,-5.541522178883647
timeseries_534.csv,timeseries_602.csv,-4.498385545186031
timeseries_1335.csv,timeseries_568.csv,-3.435022160743114
timeseries_448.csv,timeseries_587.csv,-4.834329998711282
timeseries_148.csv,timeseries_585.csv,-3.765354374059096
timeseries_663.csv,timeseries_994.csv,-3.590802927120028
timeseries_292.csv,timeseries_572.csv,-4.007877431282116
timeseries_316.csv,timeseries_579.csv,-3.810161827013493
timeseries_164.csv,timeseries_988.csv,-3.851714384905357
timeseries_1099.csv,timeseries_955.csv,-4.17108535241512
timeseries_249.csv,timeseries_574.csv,-3.1068458509630092
timeseries_481.csv,timeseries_570.csv,-4.578300794311947
timeseries_1205.csv,timeseries_989.csv,-3.724492775641971
timeseries_862.csv,timeseries_568.csv,-3.775907745798497
timeseries_1401.csv,timeseries_574.csv,-2.704619626390767
timeseries_1109.csv,timeseries_982.csv,-3.091312983223629
timeseries_751.csv,timeseries_594.csv,-4.365734901905909
timeseries_1374.csv,timeseries_587.csv,-3.740288725994332
timeseries_37.csv,timeseries_571.csv,-2.226943519204853
timeseries_399.csv,timeseries_595.csv,-3.2753766197454617
timeseries_1118.csv,timeseries_987.csv,-3.5510921471628336
timeseries_180.csv,timeseries_575.csv,-2.9977521347685605
timeseries_184.csv,timeseries_602.csv,-3.8133219567290384
timeseries_700.csv,timeseries_568.csv,-3.777675455100601
timeseries_1032.csv,timeseries_574.csv,-3.8145911341448278
timeseries_1328.csv,timeseries_999.csv,-3.3936465023342377
timeseries_150.csv,timeseries_998.csv,-3.4130528127669777
timeseries_15.csv,timeseries_956.csv,-3.2189064896559954
timeseries_639.csv,timeseries_419.csv,-4.204241962459164
timeseries_364.csv,timeseries_604.csv,-2.862239420699962
timeseries_161.csv,timeseries_590.csv,-2.6622053507624743
timeseries_257.csv,timeseries_967.csv,-3.003237984571581
timeseries_1431.csv,timeseries_975.csv,-4.210186087975567
timeseries_716.csv,timeseries_571.csv,-1.9136002486307637
timeseries_1354.csv,timeseries_587.csv,-3.8724635038464994
timeseries_1027.csv,timeseries_578.csv,-3.670146244535559
timeseries_67.csv,timeseries_580.csv,-2.9558133674969125
timeseries_412.csv,timeseries_595.csv,-3.0050197043626126
timeseries_601.csv,timeseries_580.csv,-2.325674835134729
timeseries_280.csv,timeseries_295.csv,-3.7799179242999585
timeseries_1248.csv,timeseries_979.csv,-3.9593410116892063
timeseries_532.csv,timeseries_583.csv,-3.1089262032008778
timeseries_574.csv,timeseries_993.csv,-5.008062065356596
timeseries_691.csv,timeseries_579.csv,-3.615824817433002
timeseries_28.csv,timeseries_594.csv,-4.136766546703254
timeseries_944.csv,timeseries_419.csv,-5.281516485926383
timeseries_47.csv,timeseries_589.csv,-2.558982314530024
timeseries_1095.csv,timeseries_994.csv,-4.057476319793479
timeseries_569.csv,timeseries_589.csv,-3.130906895497719
timeseries_1376.csv,timeseries_578.csv,-2.7718363634533203
timeseries_767.csv,timeseries_600.csv,-4.221286374834431
timeseries_782.csv,timeseries_955.csv,-3.249103791453841
timeseries_982.csv,timeseries_574.csv,-4.040597196580306
timeseries_1386.csv,timeseries_996.csv,-3.257565021832707
timeseries_786.csv,timeseries_589.csv,-2.785504186743045
timeseries_770.csv,timeseries_996.csv,-3.4031042616605474
timeseries_279.csv,timeseries_413.csv,-0.6064788878478502
timeseries_263.csv,timeseries_573.csv,-3.1783194683986036
timeseries_20.csv,timeseries_966.csv,-2.468994874230416
timeseries_1041.csv,timeseries_987.csv,-3.3542159592693643
timeseries_591.csv,timeseries_1021.csv,-0.3464388072185154
timeseries_228.csv,timeseries_603.csv,-4.1562015680361295
timeseries_160.csv,timeseries_995.csv,-4.188188796259125
timeseries_657.csv,timeseries_573.csv,-3.459249583782907
timeseries_1387.csv,timeseries_584.csv,-2.2483160522764427
timeseries_368.csv,timeseries_591.csv,-3.0411190072888887
timeseries_775.csv,timeseries_581.csv,-4.901766966601735
timeseries_616.csv,timeseries_957.csv,-4.7013932166147345
timeseries_1291.csv,timeseries_990.csv,-5.27331372657361
timeseries_705.csv,timeseries_583.csv,-2.870201401887707
timeseries_178.csv,timeseries_577.csv,-2.5994266069501237
timeseries_1338.csv,timeseries_601.csv,-3.383958339403975
timeseries_440.csv,timeseries_590.csv,-3.1100738551136757
timeseries_537.csv,timeseries_570.csv,-4.623147213735902
timeseries_269.csv,timeseries_953.csv,-5.032216697698665
timeseries_1216.csv,timeseries_988.csv,-3.762580286908153
timeseries_143.csv,timeseries_584.csv,-2.427326772892127
timeseries_1273.csv,timeseries_997.csv,-3.520065050053722
timeseries_658.csv,timeseries_595.csv,-2.884015345378336
timeseries_29.csv,timeseries_982.csv,-2.5042879598523
timeseries_798.csv,timeseries_991.csv,-2.3941820511511507
timeseries_1204.csv,timeseries_955.csv,-2.9836749218150254
timeseries_671.csv,timeseries_971.csv,-4.924811127124412
timeseries_187.csv,timeseries_955.csv,-3.341489362521089
timeseries_1180.csv,timeseries_417.csv,-0.32429939231719307
timeseries_1056.csv,timeseries_972.csv,-3.5692368446612104
timeseries_385.csv,timeseries_419.csv,-5.155716677386733
timeseries_1119.csv,timeseries_602.csv,-5.118243400772688
timeseries_326.csv,timeseries_593.csv,-3.091659320853556
timeseries_886.csv,timeseries_591.csv,-2.6406877773758275
timeseries_528.csv,timeseries_584.csv,-2.8784926663814154
timeseries_1208.csv,timeseries_996.csv,-3.130647073024269
timeseries_531.csv,timeseries_585.csv,-4.276304420104772
timeseries_79.csv,timeseries_572.csv,-3.126245642284033
timeseries_1034.csv,timeseries_595.csv,-3.5413294279245253
timeseries_9.csv,timeseries_301.csv,-0.2523401502814493
timeseries_676.csv,timeseries_581.csv,-4.994319620202216
timeseries_647.csv,timeseries_579.csv,-4.038695383794152
timeseries_971.csv,timeseries_604.csv,-3.0116520163527705
timeseries_1140.csv,timeseries_597.csv,-3.1734039832800107
timeseries_1183.csv,timeseries_347.csv,-2.0496393195383935
timeseries_441.csv,timeseries_956.csv,-4.1428517651132895
timeseries_2.csv,timeseries_590.csv,-2.0323583273121453
timeseries_351.csv,timeseries_585.csv,-4.118581333003777
timeseries_508.csv,timeseries_580.csv,-3.367244822855614
timeseries_1349.csv,timeseries_975.csv,-4.206064080239648
timeseries_1430.csv,timeseries_586.csv,-3.5038797482981128
timeseries_638.csv,timeseries_594.csv,-4.495396952034678
timeseries_48.csv,timeseries_982.csv,-2.273589256242595
timeseries_211.csv,timeseries_419.csv,-4.312940360780713
timeseries_1294.csv,timeseries_592.csv,-2.6604890168491937
timeseries_306.csv,timeseries_403.csv,-0.39128768892950605
timeseries_1078.csv,timeseries_972.csv,-3.339732807468546
timeseries_894.csv,timeseries_1096.csv,-0.7401808392013809
timeseries_387.csv,timeseries_589.csv,-3.393043531086276
timeseries_38.csv,timeseries_997.csv,-3.6865309323650255
timeseries_291.csv,timeseries_578.csv,-3.5296378999205045
timeseries_1426.csv,timeseries_586.csv,-3.573227138324082
timeseries_1390.csv,timeseries_957.csv,-3.3711773692724654
timeseries_1002.csv,timeseries_976.csv,-4.2303899741677045
timeseries_1152.csv,timeseries_587.csv,-5.098877625382079
timeseries_402.csv,timeseries_580.csv,-3.4433886338217903
timeseries_175.csv,timeseries_581.csv,-4.574844226952085
timeseries_940.csv,timeseries_985.csv,-3.5958652056216174
timeseries_330.csv,timeseries_991.csv,-2.943523290334692
timeseries_123.csv,timeseries_568.csv,-3.5946914259267677
timeseries_1368.csv,timeseries_571.csv,-2.0075866300457843
timeseries_11.csv,timeseries_186.csv,-0.8793420565796439
timeseries_749.csv,timeseries_594.csv,-4.180986007005147
timeseries_523.csv,timeseries_972.csv,-3.238019151151356
timeseries_414.csv,timeseries_569.csv,-3.642013747335933
timeseries_1452.csv,timeseries_1096.csv,-0.39246190138917814
timeseries_1424.csv,timeseries_971.csv,-4.439038342572991
timeseries_1420.csv,timeseries_570.csv,-3.5692762089556362
timeseries_229.csv,timeseries_968.csv,-3.8451349509966253
timeseries_335.csv,timeseries_586.csv,-4.163705951686402
timeseries_1149.csv,timeseries_584.csv,-3.15861597595015
timeseries_290.csv,timeseries_578.csv,-3.4302507635960504
timeseries_186.csv,timeseries_594.csv,-4.311883562106339
timeseries_117.csv,timeseries_960.csv,-3.5638561620280598
timeseries_1325.csv,timeseries_601.csv,-3.5406606408960073
timeseries_1456.csv,timeseries_159.csv,-0.523585646690629
timeseries_302.csv,timeseries_584.csv,-3.085543944947003
timeseries_1237.csv,timeseries_988.csv,-3.7902958334337997
timeseries_980.csv,timeseries_959.csv,-3.9760222469201842
timeseries_1094.csv,timeseries_569.csv,-4.034009006822898
timeseries_978.csv,timeseries_574.csv,-3.7394054420083584
timeseries_780.csv,timeseries_603.csv,-4.304075575710783
timeseries_393.csv,timeseries_960.csv,-4.382321060778161
timeseries_198.csv,timeseries_956.csv,-3.750006227761121
timeseries_119.csv,timeseries_600.csv,-4.230844780485403
timeseries_42.csv,timeseries_568.csv,-3.361486276081065
timeseries_475.csv,timeseries_573.csv,-4.21079603786034
timeseries_200.csv,timeseries_579.csv,-4.111794861957942
timeseries_493.csv,timeseries_583.csv,-3.250704992148715
timeseries_1371.csv,timeseries_960.csv,-3.695340471676441
timeseries_683.csv,timeseries_989.csv,-4.188972272473257
timeseries_546.csv,timeseries_586.csv,-4.237949100311508
timeseries_1454.csv,timeseries_957.csv,-4.256240977120477
timeseries_478.csv,timeseries_586.csv,-4.282794092617031
timeseries_1286.csv,timeseries_967.csv,-2.750638859384305
timeseries_52.csv,timeseries_582.csv,-2.946856635379196
timeseries_1306.csv,timeseries_957.csv,-3.088592836130683
timeseries_1077.csv,timeseries_593.csv,-3.492706419191636
timeseries_215.csv,timeseries_594.csv,-4.328527270708479
timeseries_552.csv,timeseries_581.csv,-5.326097621827452
timeseries_1055.csv,timeseries_569.csv,-3.9473233769301412
timeseries_1265.csv,timeseries_570.csv,-3.563220524005952
timeseries_319.csv,timeseries_974.csv,-2.5499760139437324
timeseries_758.csv,timeseries_997.csv,-3.7672516829001585
timeseries_98.csv,timeseries_579.csv,-3.9933858757992047
timeseries_369.csv,timeseries_583.csv,-3.168074396586057
timeseries_44.csv,timeseries_590.csv,-2.7899976819642465
timeseries_43.csv,timeseries_582.csv,-3.3106226630847218
timeseries_252.csv,timeseries_577.csv,-2.615470959473913
timeseries_87.csv,timeseries_961.csv,-4.4701415866424
timeseries_145.csv,timeseries_600.csv,-4.122151040143187
timeseries_1112.csv,timeseries_965.csv,-2.024484580122182
timeseries_879.csv,timeseries_997.csv,-3.9995379034506513
timeseries_40.csv,timeseries_977.csv,-3.6687720660220347
timeseries_234.csv,timeseries_993.csv,-3.9813391859882117
timeseries_664.csv,timeseries_966.csv,-2.6824844009617785
timeseries_1381.csv,timeseries_990.csv,-4.800126991871398
timeseries_272.csv,timeseries_963.csv,-3.4070225483846954
timeseries_498.csv,timeseries_595.csv,-3.252586497446093
timeseries_1435.csv,timeseries_580.csv,-2.315767702044897
timeseries_93.csv,timeseries_957.csv,-3.394524030658724
timeseries_668.csv,timeseries_994.csv,-3.4548637639195414
timeseries_354.csv,timeseries_998.csv,-4.062115858238998
timeseries_645.csv,timeseries_419.csv,-4.305895373008037
timeseries_1263.csv,timeseries_956.csv,-3.8605394313147467
timeseries_1307.csv,timeseries_568.csv,-3.0304032360764497
timeseries_1302.csv,timeseries_601.csv,-3.4447812538164353
timeseries_1391.csv,timeseries_976.csv,-3.171790791744715
timeseries_855.csv,timeseries_956.csv,-3.7259395518698604
timeseries_744.csv,timeseries_577.csv,-2.4879837318889546
timeseries_656.csv,timeseries_963.csv,-3.821737863462264
timeseries_731.csv,timeseries_594.csv,-4.505519754866556
timeseries_513.csv,timeseries_583.csv,-3.177942149868074
timeseries_1016.csv,timeseries_578.csv,-3.751073971601648
timeseries_1132.csv,timeseries_582.csv,-4.10864816222686
timeseries_1217.csv,timeseries_583.csv,-2.3912959963596396
timeseries_1436.csv,timeseries_568.csv,-3.2945955042962565
timeseries_970.csv,timeseries_983.csv,-3.149092522170334
timeseries_828.csv,timeseries_954.csv,-3.5208674910118987
timeseries_1052.csv,timeseries_601.csv,-4.6159873707254055
timeseries_1341.csv,timeseries_587.csv,-4.050787811987299
timeseries_1271.csv,timeseries_585.csv,-3.3756805736844573
timeseries_1451.csv,timeseries_295.csv,-2.431164311488402
timeseries_483.csv,timeseries_997.csv,-4.369532239748611
timeseries_447.csv,timeseries_989.csv,-4.7496565849535015
timeseries_110.csv,timeseries_593.csv,-2.651857824622333
timeseries_27.csv,timeseries_971.csv,-4.583814481348375
timeseries_661.csv,timeseries_586.csv,-3.907471260383314
timeseries_1074.csv,timeseries_1000.csv,-2.5344927450467942
timeseries_1151.csv,timeseries_997.csv,-4.996873239026871
timeseries_1321.csv,timeseries_568.csv,-3.3105552754243046
timeseries_439.csv,timeseries_599.csv,-3.7681395936473745
timeseries_196.csv,timeseries_586.csv,-3.7104616404760336
timeseries_82.csv,timeseries_955.csv,-3.2208477199525642
timeseries_451.csv,timeseries_571.csv,-2.827697079309764
timeseries_1369.csv,timeseries_595.csv,-2.5521249291059376
timeseries_854.csv,timeseries_568.csv,-3.556249679231967
timeseries_1024.csv,timeseries_971.csv,-5.730701889424088
timeseries_752.csv,timeseries_601.csv,-3.747406509200162
timeseries_239.csv,timeseries_594.csv,-4.211494949831195
timeseries_167.csv,timeseries_579.csv,-4.061097488317035
timeseries_36.csv,timeseries_603.csv,-3.9750442411583577
timeseries_230.csv,timeseries_595.csv,-2.70658316854439
timeseries_1081.csv,timeseries_597.csv,-3.2642044393413183
timeseries_1447.csv,timeseries_989.csv,-3.8129825842609746
timeseries_65.csv,timeseries_589.csv,-2.442964853117509
timeseries_573.csv,timeseries_583.csv,-3.0294778432367453
timeseries_1144.csv,timeseries_597.csv,-3.319987116082469
timeseries_404.csv,timeseries_582.csv,-3.9988472274525018
timeseries_1045.csv,timeseries_573.csv,-4.296839885031799
timeseries_747.csv,timeseries_957.csv,-3.4458011313789463
timeseries_405.csv,timeseries_584.csv,-2.77971481293107
timeseries_535.csv,timeseries_968.csv,-4.609257469436495
timeseries_1044.csv,timeseries_568.csv,-5.032484933954571
timeseries_687.csv,timeseries_602.csv,-3.9861104709250927
timeseries_55.csv,timeseries_581.csv,-4.747141818432573
timeseries_1091.csv,timeseries_973.csv,-3.7364635910392483
timeseries_918.csv,timeseries_602.csv,-5.052840794480402
timeseries_706.csv,timeseries_580.csv,-2.992367704612966
timeseries_880.csv,timeseries_574.csv,-3.117238335365588
timeseries_231.csv,timeseries_604.csv,-2.2223938847541147
timeseries_406.csv,timeseries_602.csv,-4.500239174235193
timeseries_58.csv,timeseries_988.csv,-4.195000711872807
timeseries_66.csv,timeseries_568.csv,-3.611087516894311
timeseries_626.csv,timeseries_1000.csv,-1.7783534239935883
timeseries_1103.csv,timeseries_579.csv,-5.09848452829964
timeseries_1333.csv,timeseries_594.csv,-3.6570492431417785
timeseries_1260.csv,timeseries_580.csv,-2.678576639138789
timeseries_362.csv,timeseries_595.csv,-3.2368851457348473
timeseries_842.csv,timeseries_982.csv,-2.515661424130446
timeseries_1085.csv,timeseries_983.csv,-2.9814751708455645
timeseries_189.csv,timeseries_990.csv,-5.327440448521331
timeseries_191.csv,timeseries_579.csv,-4.233639459369011
timeseries_96.csv,timeseries_570.csv,-3.8844869689231265
timeseries_1364.csv,timeseries_585.csv,-3.446343540094218
timeseries_791.csv,timeseries_955.csv,-3.2488840493889013
timeseries_1101.csv,timeseries_994.csv,-4.319452497583285
timeseries_620.csv,timeseries_603.csv,-4.41350393774935
timeseries_174.csv,timeseries_956.csv,-3.581987504024503
timeseries_864.csv,timeseries_574.csv,-3.0698128696958786
timeseries_973.csv,timeseries_590.csv,-3.3578503745342294
timeseries_549.csv,timeseries_578.csv,-3.4568997502675183
timeseries_1373.csv,timeseries_957.csv,-3.2970343690226906
timeseries_122.csv,timeseries_573.csv,-3.4477517315608273
timeseries_536.csv,timeseries_590.csv,-3.329832596951916
timeseries_1133.csv,timeseries_983.csv,-3.0758493298129848
timeseries_12.csv,timeseries_1041.csv,-0.0025634579177571393
timeseries_331.csv,timeseries_583.csv,-3.280092666056343
timeseries_550.csv,timeseries_599.csv,-3.6604980569933288
timeseries_19.csv,timeseries_579.csv,-3.8464697367554503
timeseries_989.csv,timeseries_982.csv,-3.3381246057793117
timeseries_203.csv,timeseries_975.csv,-4.265714276595909
timeseries_518.csv,timeseries_990.csv,-6.1026958860743825
timeseries_1104.csv,timeseries_570.csv,-4.8795934716111855
timeseries_1382.csv,timeseries_577.csv,-2.400220628397065
timeseries_1379.csv,timeseries_575.csv,-3.048444265092227
timeseries_991.csv,timeseries_1000.csv,-2.5360440770047306
timeseries_173.csv,timeseries_590.csv,-2.6348186984086053
timeseries_1219.csv,timeseries_990.csv,-5.171278305286687
timeseries_1185.csv,timeseries_580.csv,-2.5280202697577554
timeseries_85.csv,timeseries_960.csv,-3.5370037089411417
timeseries_622.csv,timeseries_670.csv,0.08993295366225595
timeseries_845.csv,timeseries_997.csv,-4.041889119575352
timeseries_1130.csv,timeseries_975.csv,-5.68188851834425
timeseries_985.csv,timeseries_966.csv,-3.332992157625368
timeseries_26.csv,timeseries_586.csv,-3.7215770958665315
timeseries_1233.csv,timeseries_570.csv,-3.741264326892699
timeseries_363.csv,timeseries_586.csv,-4.295502574272768
timeseries_128.csv,timeseries_578.csv,-2.744873345064179
timeseries_69.csv,timeseries_597.csv,-2.5249399435659114
timeseries_131.csv,timeseries_584.csv,-2.3811108793157816
timeseries_734.csv,timeseries_977.csv,-3.9367805149557755
timeseries_521.csv,timeseries_993.csv,-4.597287789815317
timeseries_530.csv,timeseries_599.csv,-3.844225057980694
timeseries_875.csv,timeseries_579.csv,-4.32046455305037
timeseries_1427.csv,timeseries_579.csv,-3.778930185299166
timeseries_375.csv,timeseries_994.csv,-4.130006719610806
timeseries_942.csv,timeseries_584.csv,-3.242285034838006
timeseries_1086.csv,timeseries_604.csv,-3.005467570153349
timeseries_1207.csv,timeseries_985.csv,-2.4327790677431573
timeseries_584.csv,timeseries_599.csv,-3.2150315210639544
timeseries_479.csv,timeseries_579.csv,-4.8534167673202635
timeseries_776.csv,timeseries_587.csv,-3.9253702999212905
timeseries_120.csv,timeseries_581.csv,-4.894750673735901
timeseries_285.csv,timeseries_572.csv,-3.123402142487558
timeseries_1093.csv,timeseries_956.csv,-4.629053898949796
timeseries_718.csv,timeseries_957.csv,-3.5260549793697082
timeseries_1270.csv,timeseries_584.csv,-2.358370546064049
timeseries_1393.csv,timeseries_603.csv,-3.7040810231388344
timeseries_400.csv,timeseries_977.csv,-4.540249484796808
timeseries_838.csv,timeseries_960.csv,-4.047170807281537
timeseries_1433.csv,timeseries_957.csv,-2.917344923581765
timeseries_1249.csv,timeseries_601.csv,-3.25725481939806
timeseries_907.csv,timeseries_984.csv,-3.4482742167917104
timeseries_409.csv,timeseries_583.csv,-3.1506506331005903
timeseries_1264.csv,timeseries_998.csv,-3.506118921880425
timeseries_637.csv,timeseries_575.csv,-3.2380653008378015
timeseries_912.csv,timeseries_347.csv,-0.13420894447589538
timeseries_1229.csv,timeseries_579.csv,-3.786737405850407
timeseries_541.csv,timeseries_572.csv,-3.98174970553353
timeseries_154.csv,timeseries_579.csv,-4.071281662533697
timeseries_566.csv,timeseries_580.csv,-3.461127012409415
timeseries_678.csv,timeseries_601.csv,-3.390235774987672
timeseries_1128.csv,timeseries_965.csv,-2.0213382938657536
timeseries_1158.csv,timeseries_584.csv,-3.0911539760310918
timeseries_594.csv,timeseries_581.csv,-4.736563056968843
timeseries_719.csv,timeseries_977.csv,-3.7001883254751418
timeseries_727.csv,timeseries_966.csv,-2.6161682317333854
timeseries_981.csv,timeseries_988.csv,-5.1737118506258195
timeseries_901.csv,timeseries_584.csv,-3.0584117095933214
timeseries_905.csv,timeseries_571.csv,-3.060393394563093
timeseries_1442.csv,timeseries_574.csv,-2.7047670597723927
timeseries_1139.csv,timeseries_960.csv,-4.740879025593949
timeseries_33.csv,timeseries_586.csv,-3.240967435177364
timeseries_583.csv,timeseries_971.csv,-4.124970817321712
timeseries_615.csv,timeseries_1000.csv,-3.066322912711817
timeseries_1107.csv,timeseries_982.csv,-3.1338455352806074
timeseries_359.csv,timeseries_988.csv,-4.828731421931609
timeseries_346.csv,timeseries_571.csv,-2.4813572434808706
timeseries_617.csv,timeseries_986.csv,-3.4023194965358154
timeseries_596.csv,timeseries_579.csv,-4.427252621636279
timeseries_495.csv,timeseries_1000.csv,-2.293494244356147
timeseries_1193.csv,timeseries_583.csv,-2.199638944393103
timeseries_826.csv,timeseries_570.csv,-3.918275948747974
timeseries_490.csv,timeseries_1000.csv,-2.372139613379876
timeseries_484.csv,timeseries_580.csv,-3.1418075340908427
timeseries_610.csv,timeseries_924.csv,-0.5133730343585352
timeseries_482.csv,timeseries_983.csv,-2.8239387124204236
timeseries_846.csv,timeseries_997.csv,-3.7222456412959737
timeseries_1428.csv,timeseries_975.csv,-4.019747391957897
timeseries_987.csv,timeseries_994.csv,-4.374132313626903
timeseries_1242.csv,timeseries_954.csv,-3.6573800152313565
timeseries_785.csv,timeseries_570.csv,-3.9705666044496715
timeseries_1057.csv,timeseries_965.csv,-2.2688678434956615
timeseries_909.csv,timeseries_1146.csv,-2.5358732412364517
timeseries_1411.csv,timeseries_603.csv,-3.8468315366764223
timeseries_325.csv,timeseries_998.csv,-4.14776250874685
timeseries_1018.csv,timeseries_985.csv,-3.2209973384147865
timeseries_634.csv,timeseries_583.csv,-2.6027590040233193
timeseries_844.csv,timeseries_602.csv,-4.024922336120756
timeseries_547.csv,timeseries_596.csv,-5.70051453363467
timeseries_1448.csv,timeseries_590.csv,-2.4661695769350813
timeseries_1358.csv,timeseries_600.csv,-3.935866753911691
timeseries_933.csv,timeseries_601.csv,-4.439514655851706
timeseries_1282.csv,timeseries_999.csv,-3.401507365088051
timeseries_874.csv,timeseries_593.csv,-2.6266635371199842
timeseries_602.csv,timeseries_770.csv,-0.4548411701268036
timeseries_480.csv,timeseries_596.csv,-5.406673714065894
timeseries_81.csv,timeseries_991.csv,-2.5348691013087397
timeseries_920.csv,timeseries_977.csv,-4.637995858622051
timeseries_217.csv,timeseries_586.csv,-3.5856854494020425
timeseries_1425.csv,timeseries_579.csv,-3.783519526970233
timeseries_732.csv,timeseries_590.csv,-2.4826153931848096
timeseries_1020.csv,timeseries_973.csv,-3.555402579337617
timeseries_1377.csv,timeseries_581.csv,-4.496353235912262
timeseries_124.csv,timeseries_601.csv,-3.483195784312887
timeseries_618.csv,timeseries_295.csv,-3.637769449314214
timeseries_1343.csv,timeseries_568.csv,-3.3354078120902875
timeseries_1126.csv,timeseries_977.csv,-4.773849264397345
timeseries_324.csv,timeseries_983.csv,-2.880198529547836
timeseries_1063.csv,timeseries_590.csv,-3.5820798585424694
timeseries_684.csv,timeseries_580.csv,-3.1750653993434517
timeseries_1281.csv,timeseries_583.csv,-2.455028376769102
timeseries_1146.csv,timeseries_597.csv,-3.1464545781252324
timeseries_961.csv,timeseries_988.csv,-5.2057398802554244
timeseries_1105.csv,timeseries_984.csv,-3.389217045505892
timeseries_885.csv,timeseries_957.csv,-3.6253986729887986
timeseries_258.csv,timeseries_988.csv,-3.91572372388615
timeseries_1268.csv,timeseries_957.csv,-3.1971250288201434
timeseries_977.csv,timeseries_966.csv,-3.433390713781865
timeseries_1266.csv,timeseries_581.csv,-4.429096751453147
timeseries_963.csv,timeseries_574.csv,-3.7954274295997115
timeseries_278.csv,timeseries_988.csv,-3.9896876867180424
timeseries_1141.csv,timeseries_991.csv,-3.344584950091157
timeseries_1278.csv,timeseries_970.csv,-4.6108402759088545
timeseries_1143.csv,timeseries_580.csv,-3.938532379072768
timeseries_314.csv,timeseries_1021.csv,-0.05992770659838231
timeseries_311.csv,timeseries_579.csv,-8.370089466479959
timeseries_640.csv,timeseries_569.csv,-3.0961279225627765
timeseries_386.csv,timeseries_975.csv,-5.293908953624955
timeseries_1305.csv,timeseries_587.csv,-3.6159069951299
timeseries_805.csv,timeseries_571.csv,-2.0889383794753202
timeseries_7.csv,timeseries_1096.csv,-0.06834128925258764
timeseries_434.csv,timeseries_582.csv,-3.601411585003186
timeseries_888.csv,timeseries_584.csv,-2.5479332877977914
timeseries_1243.csv,timeseries_568.csv,-3.1787187473148792
timeseries_226.csv,timeseries_571.csv,-2.159178088738444
timeseries_274.csv,timeseries_568.csv,-3.663812112332086
timeseries_210.csv,timeseries_955.csv,-3.1576507028966816
timeseries_141.csv,timeseries_569.csv,-2.9180681795996812
timeseries_934.csv,timeseries_976.csv,-4.327368900007603
timeseries_737.csv,timeseries_595.csv,-2.721386287862546
timeseries_1117.csv,timeseries_964.csv,-4.09243625823939
timeseries_75.csv,timeseries_960.csv,-3.649473086404625
timeseries_714.csv,timeseries_602.csv,-4.091465201913761
timeseries_206.csv,timeseries_585.csv,-3.6928955045022285
timeseries_690.csv,timeseries_594.csv,-4.416353838237019
timeseries_948.csv,timeseries_988.csv,-4.928648946105786
timeseries_503.csv,timeseries_583.csv,-3.314668458232693
timeseries_819.csv,timeseries_963.csv,-3.944200255720312
timeseries_1214.csv,timeseries_989.csv,-3.7527890128455574
timeseries_840.csv,timeseries_966.csv,-2.525551860070725
timeseries_928.csv,timeseries_602.csv,-5.2611559704438955
timeseries_267.csv,timeseries_583.csv,-2.79254274515032
timeseries_911.csv,timeseries_1168.csv,-0.20063218303537123
timeseries_144.csv,timeseries_570.csv,-3.8054558156142946
timeseries_361.csv,timeseries_571.csv,-2.633786018126711
timeseries_960.csv,timeseries_977.csv,-5.081725698810917
timeseries_1114.csv,timeseries_590.csv,-3.657477172565324
timeseries_836.csv,timeseries_595.csv,-2.787697406916229
timeseries_83.csv,timeseries_578.csv,-2.4670205876640385
timeseries_312.csv,timeseries_1021.csv,-0.11097113163835104
timeseries_893.csv,timeseries_1021.csv,-0.18876717862903125
timeseries_422.csv,timeseries_583.csv,-3.1733182171063152
timeseries_1188.csv,timeseries_591.csv,-2.2632699725789824
timeseries_1346.csv,timeseries_601.csv,-3.256103024416082
timeseries_1417.csv,timeseries_988.csv,-3.8464143383783087
timeseries_903.csv,timeseries_578.csv,-3.5920276848198878
timeseries_1210.csv,timeseries_596.csv,-4.712558260126649
timeseries_243.csv,timeseries_576.csv,-1.4249960086367017
timeseries_1318.csv,timeseries_573.csv,-3.2108277465942106
timeseries_1195.csv,timeseries_595.csv,-2.480414169473486
timeseries_564.csv,timeseries_586.csv,-3.8953462914736665
timeseries_1355.csv,timeseries_967.csv,-2.5324189101422214
timeseries_1004.csv,timeseries_965.csv,-2.194294375788076
timeseries_1209.csv,timeseries_975.csv,-3.841837065237872
timeseries_91.csv,timeseries_990.csv,-5.179021115488866
timeseries_1069.csv,timeseries_984.csv,-3.1160068622247037
timeseries_811.csv,timeseries_585.csv,-3.616274596423569
timeseries_90.csv,timeseries_587.csv,-4.129448307655443
timeseries_1031.csv,timeseries_589.csv,-3.241327548191105
timeseries_102.csv,timeseries_997.csv,-3.702666761275057
timeseries_959.csv,timeseries_956.csv,-4.917966302105424
timeseries_611.csv,timeseries_975.csv,-3.9632298143042703
timeseries_1336.csv,timeseries_577.csv,-2.356289337832251
timeseries_378.csv,timeseries_585.csv,-4.141923624713264
timeseries_1284.csv,timeseries_955.csv,-2.9803454830879885
timeseries_1351.csv,timeseries_573.csv,-3.101588907834672
timeseries_1404.csv,timeseries_590.csv,-2.5092417951729162
timeseries_999.csv,timeseries_966.csv,-3.418684691464195
timeseries_169.csv,timeseries_571.csv,-2.288603588208306
timeseries_8.csv,timeseries_385.csv,-0.3855525057665192
timeseries_801.csv,timeseries_582.csv,-3.089430058125541
timeseries_1332.csv,timeseries_994.csv,-3.2306402827888814
timeseries_802.csv,timeseries_569.csv,-2.9571656820557495
timeseries_818.csv,timeseries_597.csv,-2.5399679237849857
timeseries_728.csv,timeseries_989.csv,-4.19442346683047
timeseries_245.csv,timeseries_998.csv,-3.7802494242988667
timeseries_152.csv,timeseries_578.csv,-2.9944708142576095
timeseries_807.csv,timeseries_583.csv,-2.895286474630698
timeseries_391.csv,timeseries_991.csv,-2.922602513488913
timeseries_1189.csv,timeseries_977.csv,-3.6695332119522392
timeseries_1308.csv,timeseries_971.csv,-3.874857145320216
timeseries_1227.csv,timeseries_997.csv,-3.7717595413321474
timeseries_763.csv,timeseries_580.csv,-2.94912727361103
timeseries_151.csv,timeseries_960.csv,-3.757299855137749
timeseries_1283.csv,timeseries_571.csv,-2.198625791967206
timeseries_273.csv,timeseries_966.csv,-2.490568457733506
timeseries_995.csv,timeseries_601.csv,-4.819362539130475
timeseries_1252.csv,timeseries_990.csv,-5.180232092687676
timeseries_1121.csv,timeseries_595.csv,-3.1896791280455137
timeseries_1235.csv,timeseries_581.csv,-4.267666363977318
timeseries_697.csv,timeseries_993.csv,-4.175998308554344
timeseries_1419.csv,timeseries_601.csv,-3.2240386783140664
timeseries_891.csv,timeseries_993.csv,-7.5114744937426146
timeseries_70.csv,timeseries_990.csv,-4.868295536018988
timeseries_333.csv,timeseries_597.csv,-2.909079121305917
timeseries_1098.csv,timeseries_982.csv,-3.1035952498688877
timeseries_1007.csv,timeseries_966.csv,-3.3437803461165814
timeseries_803.csv,timeseries_579.csv,-4.048368580745961
timeseries_1222.csv,timeseries_571.csv,-1.949845648523691
timeseries_1289.csv,timeseries_587.csv,-3.825794056101814
timeseries_320.csv,timeseries_958.csv,-2.1467596086070673
timeseries_496.csv,timeseries_963.csv,-4.668835960858359
timeseries_288.csv,timeseries_572.csv,-3.6374255831267917
timeseries_582.csv,timeseries_1096.csv,-0.4553608791725028
timeseries_710.csv,timeseries_569.csv,-3.328592610521354
timeseries_296.csv,timeseries_596.csv,-6.093228428506934
timeseries_1463.csv,timeseries_586.csv,-3.5398488177248
timeseries_1413.csv,timeseries_587.csv,-3.9211179203549973
timeseries_1345.csv,timeseries_989.csv,-3.412533525279687
timeseries_357.csv,timeseries_575.csv,-3.677276843641514
timeseries_1087.csv,timeseries_578.csv,-3.430094607033457
timeseries_223.csv,timeseries_583.csv,-2.711135101107475
timeseries_1275.csv,timeseries_585.csv,-3.3944667176877665
timeseries_1407.csv,timeseries_957.csv,-3.332604984582506
timeseries_824.csv,timeseries_603.csv,-4.250435288793735
timeseries_1170.csv,timeseries_576.csv,-2.0936544240592068
timeseries_510.csv,timeseries_596.csv,-5.457176215959118
